timestamp,accX,accY,accZ
0.0,0.037467367412217185,0.01220715629162033,9.87493543960442
20.0,0.1292178523485171,0.02381533360319379,9.947459700974777
40.0,0.1073754052247876,0.011245228190269355,10.085644886460969
60.0,0.0804031602643024,0.06759955451485097,10.17088628177761
80.0,0.03542944185895436,-0.005282736402819108,10.278083610259445
100.0,0.0826997713970283,0.061596218914128906,10.490545486020853
120.0,0.1429109188348247,0.03628429569789954,10.52647938475874
140.0,0.09303615461621031,0.05178918491453957,10.596301776932112
160.0,0.1296026539789955,0.03607880751932547,10.684780851856653
180.0,0.06616192679830712,0.030056909014195693,10.777109891642228
200.0,0.10972688021186729,0.05918650054784579,10.708077261821506
220.0,0.11572240438212159,-0.01458907204996427,10.697205982888107
240.0,0.059424300687816,-0.01802920240123296,10.651314758001703
260.0,0.09934471854112614,-0.012605752669910458,10.652048085404315
280.0,0.053647528023992995,-0.04763617302751241,10.567620433630163
300.0,0.08258238017483747,-0.13482389499999498,10.488365660614058
320.0,-0.03479934589015281,-0.12386714341539276,10.453795858734312
340.0,0.05045975819509223,-0.0910791725936738,10.245817291099412
360.0,-0.10081516090664686,-0.0733284421906418,10.264302548322615
380.0,0.0019125587724252054,-0.057397603368945574,10.068584549298103
400.0,-0.08389161819998536,-0.02831198957028689,9.922931621763425
420.0,-0.04755722754895676,0.031295805168096116,9.796095497019257
440.0,-0.03542693632817187,0.0007212605904885934,9.680552786216621
460.0,-0.014745224791007393,0.009815748246212092,9.486731403223503
480.0,-0.03631658057276031,0.05207938651731013,9.44216187416299
500.0,-0.10798341947948861,0.11940266434272596,9.282245276524964
520.0,-0.0907829917250891,0.12675944594112143,9.161603060470489
540.0,-0.13782101648755737,0.05331382152825868,9.10107140188872
560.0,-0.1623636036585545,0.08211438633488775,8.99373090009192
580.0,-0.06762760312353779,-0.038605332658586136,8.930428715567775
600.0,-0.16461973407867006,-0.002413063529441647,8.931259780882991
620.0,-0.10726198266048978,-0.003444684915169422,8.901718004125167
640.0,-0.08697406527870043,-0.05144625625636433,8.937139557963459
660.0,-0.06186737276259825,-0.02278454269981139,8.957285195546348
680.0,-0.06372349906548945,0.01812662114579877,8.979884648654336
700.0,-0.07220172013640627,-0.0915210130900617,9.010625673577962
720.0,-0.09097121147308346,-0.10242112861324107,9.125349943979685
740.0,-0.020599112609231335,-0.0692514159336408,9.197505899877461
760.0,0.015055359062140249,-0.038477139008357746,9.328405142275063
780.0,-0.0230814417340453,-0.03266727256288615,9.460992775408533
800.0,-0.0346869006925066,-0.03706557349477742,9.592000354974235
820.0,0.0003720772789395435,-0.007734599847726581,9.665405669649886
840.0,0.0937686072428981,0.050904292946367356,9.843031779661187
860.0,0.07379691098801708,-0.05616836479071721,9.945916814353678
880.0,0.06348145009474516,0.009063373483059835,10.141832507749138
900.0,0.1546826151401491,0.019610095456119414,10.21091708754856
920.0,0.10210730627683219,0.12589654319348242,10.311004166986248
940.0,0.10954180991015953,0.13569430180858127,10.397116552212841
960.0,0.06065866757576092,0.05306908735815693,10.523134731195526
980.0,0.13621328595993762,0.06617091310443252,10.548983609648662
1000.0,0.1256417022637427,0.022106677107610335,10.707206517258582
1020.0,0.08302467406005207,0.0008264049975404558,10.71360695616524
1040.0,0.126697652352302,0.017492844609687485,10.647583033674966
1060.0,0.11156187581590418,-0.05585332116585187,10.706299947032575
1080.0,0.033530747490289864,-0.02371911780086009,10.64108864846488
1100.0,0.02720800819180042,-0.03049324870297258,10.629451905478103
1120.0,0.0377133777002209,-0.01581429917634375,10.53876347452129
1140.0,0.04608498747942957,-0.062309649189557365,10.448723497927855
1160.0,0.04618917952319178,-0.08903413704767527,10.357164883884062
1180.0,0.06145601905635983,-0.09907374217414122,10.175463569889654
1200.0,0.05389805486994486,0.039939086714379714,10.123777673125481
1220.0,-0.08646594306934213,-0.0423392743657255,9.998475881610021
1240.0,-0.04109192386276314,-0.04978482388395909,9.894728764961815
1260.0,-0.031073037084888767,-0.04148795427698144,9.763327760634182
1280.0,0.008548879919212965,0.037490946834164464,9.592999934473157
1300.0,-0.08069292840485955,0.07082137847076497,9.414764396391037
1320.0,-0.08067821906008665,0.048986992105007655,9.418062993981275
1340.0,-0.10127531472698538,0.12873937128609309,9.203096850416
1360.0,-0.08121233630369823,0.08290062909100142,9.112471540702375
1380.0,-0.09983493889678603,0.10904371818118706,9.047780981073737
1400.0,-0.1671330671085546,0.054862254553146035,8.960720844462843
1420.0,-0.11931759898538478,0.03648482102588817,8.884282562323818
1440.0,-0.16086885467692125,0.03652487860064041,8.896939562507074
1460.0,-0.18870429300734498,0.025660174409364606,8.916254001651163
1480.0,-0.11629573529873959,-0.06919699729315804,8.94788592658392
1500.0,-0.06938229906254546,0.04107054172888456,8.965405736289734
1520.0,-0.056487162818968116,-0.06355530046450313,9.030779873615892
1540.0,-0.03503594835012373,-0.02408494328450444,9.053698372202229
1560.0,-0.0577186019573627,-0.08871745301204176,9.18604993784215
1580.0,0.025362487792092638,-0.08556689525622128,9.244645651602095
1600.0,-7.455647404340689e-05,-0.06939326313659633,9.406393571168355
1620.0,-0.07361491800495587,-0.0755227058750913,9.469086797454285
1640.0,-0.059868587073483324,-0.06190624956518702,9.594880553482424
1660.0,0.029967365198851646,0.031727762738821885,9.752852990846533
1680.0,0.015749794938110004,0.012385709654563341,9.933696620116537
1700.0,0.03131564263183203,0.002816143598073008,10.050020112022969
1720.0,0.0698803272970248,0.07452421396676066,10.158408662440644
1740.0,0.11259018621118191,0.028128848547468603,10.278884204187577
1760.0,0.08905765693258519,0.028485205639321894,10.334278637237095
1780.0,0.1266442070448376,0.05902988927252963,10.449696432804837
1800.0,0.1031582736716796,0.10462820778477917,10.486719308363794
1820.0,0.05560599270821407,0.020799918983453944,10.681508315694039
1840.0,0.11689174299696156,0.06311697393391796,10.635587842780527
1860.0,0.06440174087026776,0.031820974873650154,10.702939781050748
1880.0,0.11702462376335944,-0.01199201468050682,10.715745555802442
1900.0,0.09536605704154806,0.0007168908246753154,10.718953815523875
1920.0,0.023110622817231273,-0.12384817744986035,10.690402571221382
1940.0,0.10953945348029479,-0.09552471042506555,10.53561786456236
1960.0,0.05805556571560236,-0.03643423088698249,10.59097609466899
1980.0,0.05804104607987641,-0.0850043995631741,10.40777540106349
2000.0,0.024845516492347015,-0.07895033380923507,10.300129350362717
2020.0,0.080070449417757,0.003704468020887544,10.260033578483776
2040.0,-0.04013631558329975,-0.013845305083606811,10.117886173158915
2060.0,-0.00850855697740058,0.018923993877967407,9.98640874307789
2080.0,-0.01364359471586795,0.01867412900908383,9.841194785179077
2100.0,-0.11661940876585689,0.020832409585239606,9.674383371232402
2120.0,-0.11240638655140456,0.09667615503274213,9.621508094965407
2140.0,-0.031923610428205094,0.06323856900295488,9.480983856339389
2160.0,-0.08915455919890741,0.0729952691201283,9.276623589972989
2180.0,-0.08372874177288231,0.07365352185229516,9.16164649521997
2200.0,-0.1052466418792497,0.06793414731747727,9.17610272233435
2220.0,-0.07564052034053051,0.06392555867151802,9.04358356526875
2240.0,-0.10644667833397024,0.04348880835767293,8.936195561940398
2260.0,-0.11188596252323403,0.00697631098190939,8.888420396514483
2280.0,-0.08489198987982942,0.026295923343883178,8.847594988873261
2300.0,-0.10093146704630666,0.02582555568986782,8.945498775275926
2320.0,-0.0523926324347531,-0.028473079589965634,8.897532102309704
2340.0,-0.11588176607706181,-0.03589168278900358,8.97902875299183
2360.0,-0.02078185803822348,-0.023242631483970114,9.018856617818836
2380.0,-0.09577748952543387,-0.08112621566523791,9.106593502895409
2400.0,-0.044509588989674866,-0.09208421822955348,9.199408573188128
2420.0,-0.039431906088930595,-0.08925399678726428,9.307008794986537
2440.0,-0.019725201387416454,-0.048069113499594016,9.422807950813986
2460.0,-0.029269192832448263,-0.05768680367241587,9.589634769477744
2480.0,-0.014036506089154754,-0.0954698995875149,9.60628238942783
2500.0,0.043076029099517466,0.0010821047311443562,9.802533620060121
2520.0,0.09902017784413353,-0.07216221128505576,9.955710715813762
2540.0,0.12435733677658888,0.0013710375659162707,10.060694195506683
2560.0,0.05495714283968572,0.02531065550112333,10.188635019810036
2580.0,0.14102628905372588,0.13158021749893933,10.305434181337676
2600.0,0.1654305138621614,0.07310310114129744,10.484121581270358
2620.0,0.100935698150197,0.0745445086814716,10.527101195465455
2640.0,0.21854377166633537,0.09153691436551077,10.56506112065427
2660.0,0.1418465903445118,0.0352887156573143,10.630404791809408
2680.0,0.1379308123095153,0.030923037403507266,10.695941468219285
2700.0,0.10240857198526795,0.02080440224781993,10.719747861995709
2720.0,0.02760136340088934,0.010728383155113931,10.668799568534794
2740.0,0.03622571482862645,-0.03513414349980106,10.684057894739212
2760.0,0.05177651951012667,-0.02150468280713784,10.59224335532803
2780.0,0.049423202491402994,-0.08399556302597162,10.576793436112409
2800.0,0.059598480746211185,-0.10600093528928958,10.52546181220918
2820.0,0.037084156830901764,-0.13775813322335745,10.337509980276929
2840.0,0.018697108573557396,-0.07363122055122849,10.294785208085731
2860.0,0.001963962439253261,-0.04641150503014307,10.212755759238645
2880.0,-0.05219706226091682,-0.07883157910874129,10.014040406939534
2900.0,-0.019145992494275406,0.02566748637675653,9.904353029869487
2920.0,-0.13210319928080766,-0.05602215928242009,9.754876628803137
2940.0,-0.07833885802428442,0.010520688514650128,9.65047958622658
2960.0,-0.08266913953663271,0.08049786780303086,9.494140145474663
2980.0,-0.11325016092561249,0.07553706989985352,9.339280652993246
3000.0,-0.07885545987706195,0.07206543060367036,9.27248278578964
3020.0,-0.044231336791159356,0.05021705459735965,9.246375463149375
3040.0,-0.11277184385316723,0.024317993235293163,9.08768689895103
3060.0,-0.14523061814339341,0.03349145006862577,9.026484061709082
3080.0,-0.08835567314645815,0.02341790850403133,8.992517697773044
3100.0,-0.0650805772547368,0.07677552927301175,8.94112094359358
3120.0,-0.053269045846748984,-0.060404414981080824,8.896162745421474
3140.0,-0.12443783767171829,-0.011974589648897353,8.892399097860105
3160.0,-0.09087620619433111,0.029615250289367123,8.93186633217534
3180.0,-0.05961539799213551,-0.0612303709971364,8.985582909719662
3200.0,-0.061243223679433724,-0.049456205468492914,9.087540630792338
3220.0,0.01024409100907029,-0.06047651978333804,9.148457898348752
3240.0,-0.07257969992814654,-0.07411707396751323,9.257209765858425
3260.0,0.013857801666041343,-0.056950241891064374,9.365016621619711
3280.0,0.01694745814400282,-0.009851530752853124,9.464541270340016
3300.0,0.0035481123420331197,-0.02293182054266807,9.48025829839678
3320.0,0.0452623955794875,-0.1420735674795545,9.656003237374717
3340.0,0.06281399477540649,0.023939570273625227,9.811184879056894
3360.0,0.03615243769788666,0.07614783861377329,9.969447927857923
3380.0,0.15226592323417398,0.04652083437182771,10.131109897047908
3400.0,0.14136784051142076,0.06537755970291503,10.205146267367367
3420.0,0.0900261525766843,0.06826110222934245,10.306021310098087
3440.0,0.09187142313248778,0.045972118740212134,10.487280643900677
3460.0,0.10670750541184897,0.0579974673641213,10.537638958073675
3480.0,0.11558151153277588,0.0793013198998453,10.576117353732709
3500.0,0.07114677102046982,0.08098431070414674,10.648169074138472
3520.0,0.05540076459445368,0.03864138473452723,10.710885292998226
3540.0,0.04642019146652456,0.009841226913146811,10.732324348018427
3560.0,0.10583419622813475,0.0024668125744010325,10.648915864693809
3580.0,0.09494785815412388,-0.04993208454633307,10.652421954560275
3600.0,0.10256966728060887,-0.0037023456062589347,10.683797299130427
3620.0,0.10522084125167921,-0.07044625524913739,10.566531514982152
3640.0,0.07180001940289493,-0.0674803916328273,10.474988552199257
3660.0,0.058530768869861076,-0.07243819750781762,10.346047182388553
3680.0,-0.0007430306410119002,-0.040466367115525134,10.260015646664186
3700.0,0.00942260923492065,-0.025834618149788838,10.124842646214791
3720.0,0.007792074079407654,-0.018212844077823524,9.96527522681254
3740.0,0.016036078264534667,-0.028342308448186568,9.816515787963656
3760.0,-0.08600732505542213,-0.02492033820704708,9.740681941177876
3780.0,-0.07287986214301115,0.019683216331446294,9.626495883937444
3800.0,-0.06382717825885148,0.06034906709941527,9.489681898590296
3820.0,-0.06486718028421372,-0.011125136626004548,9.340633779698557
3840.0,-0.1714866213009434,0.07162540233483275,9.241565620810519
3860.0,-0.06517277752415707,0.11328882360354767,9.149985321066476
3880.0,-0.12355644061797039,0.08358619783118192,9.04063657341742
3900.0,-0.10796311718813009,0.08999172457348342,8.97278365567095
3920.0,-0.0791369137586614,0.06304944086909829,8.910562676284782
3940.0,-0.07023451831308854,0.04410236144524981,8.918802122931055
3960.0,-0.125619562074593,-0.031881577522065226,8.88790287002496
3980.0,-0.07231931024224429,-0.056554820765168164,8.933945578914614
4000.0,-0.1250710143629044,-0.04946293862041765,8.954536806744452
4020.0,0.015522782313923386,-0.1059188708539163,9.053713228091018
4040.0,-0.05166944590425471,-0.053504301453727435,9.07608685132312
4060.0,-0.026913901767491102,-0.07732782068279306,9.209263633951895
4080.0,-0.04305710766615835,-0.02987926796972204,9.2369598828674
4100.0,-0.013176073933531885,-0.09831029996630264,9.38899752352062
4120.0,0.0557766956591392,-0.04929549552672996,9.489580369688296
4140.0,-0.017667720347345206,-0.03620414688660881,9.571163218446783
4160.0,0.005055298571851316,0.000711468144532032,9.807595575559155
4180.0,0.15015065529063276,-0.006151359380444773,9.94721104884868
4200.0,0.07400553800991147,0.029392596899200457,10.045611704258784
4220.0,0.07980116827640159,0.05572610018835681,10.144594639454546
4240.0,0.039098120435087126,0.010329700450618137,10.30217073788001
4260.0,0.08674730428229559,0.05017827649500062,10.389298062347809
4280.0,0.13046561966227138,0.07762596065608278,10.46251431988006
4300.0,0.14944478991170948,0.12041904038191052,10.583854615888113
4320.0,0.14206656975187365,0.09656954433827214,10.669920531432982
4340.0,0.12849466979372806,0.05720301716539623,10.693681595017074
4360.0,0.06517867789558973,0.040672805278440895,10.653446690478578
4380.0,0.07000778417373821,0.04020124737527217,10.735418231070827
4400.0,0.14189082920887447,-0.03601357122235244,10.650379816211132
4420.0,0.07139084072348126,-0.04162268260951042,10.658106087375478
4440.0,0.10764789197261207,-0.07244736961721898,10.61303331030456
4460.0,0.019987396750139504,-0.05325246407771746,10.528169085640288
4480.0,0.013727164216367941,-0.08024834285879462,10.43258882169093
4500.0,0.014989291757076008,-0.00647912569388219,10.33221111698245
4520.0,-0.00017236221866477608,-0.13218720956799193,10.188974617240055
4540.0,-0.017114121515952548,-0.06777582510019396,10.14385901459471
4560.0,-0.029770475963409447,0.020281258257573462,9.966330415269512
4580.0,-0.03824111871176408,-0.006725466578881421,9.829399954705758
4600.0,0.005964805880885035,-0.0632807035604229,9.623795988736772
4620.0,-0.08662293212096776,0.03832104922502811,9.585146912901148
4640.0,-0.06293827950759034,0.0408574924621799,9.469378506369504
4660.0,-0.0535195814096259,0.07233938852321097,9.348588102976196
4680.0,-0.08808085321021733,0.05188810842003967,9.231662908674174
4700.0,-0.09958328367541497,0.07077157668887271,9.164741456528427
4720.0,-0.19271851133740284,0.013906022347732042,8.993328544502612
4740.0,-0.12070823423252537,0.04167951188370612,8.92132411617693
4760.0,-0.14107967793787046,0.0029602912164224983,9.01819128359945
4780.0,-0.03972378521784291,-0.0018095693727431736,8.897404336610407
4800.0,-0.13685964463556738,-0.07580855727951426,8.904335137890257
4820.0,-0.12322174134927763,-0.032804810439686506,8.871101484072103
4840.0,-0.10462141316038903,-0.042750906119666546,8.978571287711485
4860.0,-0.051226928388430334,-0.1079590336914393,9.053398621352171
4880.0,-0.08023769314636828,-0.04780745775860073,9.098618057395404
4900.0,-0.08561023786877398,-0.08292484410717711,9.203345335636413
4920.0,-0.0003395968229479608,-0.07220626026743071,9.349720206956954
4940.0,0.02960741590163482,-0.06559566118782807,9.439500073438952
4960.0,0.07829359418734294,0.027773596690279012,9.496332580751877
4980.0,-0.005792382033955053,0.03058516366213838,9.634407133012001
5000.0,-0.004231758695874811,-0.017016794574466854,9.821357934831608
5020.0,0.052939649100246865,-0.001382732840649728,9.91825559404832
5040.0,0.044775202459019836,0.010060527334064453,10.153844574124
5060.0,0.09172124743418159,0.08764933401800232,10.182936478601675
5080.0,0.08455582042325625,0.04229729450891348,10.224382262491906
5100.0,0.0505230816802293,0.008486270647521693,10.343999963107509
5120.0,0.06236358678763579,0.1163309335482134,10.512754323053306
5140.0,0.1524536245697128,0.07612630943747331,10.617204938102605
5160.0,0.07640027004919661,0.06629113785200944,10.673051046403552
5180.0,0.08594710948511208,0.04941895480308237,10.706007882761494
5200.0,0.08268474748043023,-0.03027290231285349,10.663429563969004
5220.0,0.0984229000128299,-0.001156314838594125,10.675431844162828
5240.0,0.08763667151961936,-0.013120953699900084,10.702755234636491
5260.0,0.13036503947444367,-0.005896468698585358,10.604174286004534
5280.0,0.12259175103227371,-0.08210914596276632,10.614994539010194
5300.0,0.052217762695344984,-0.08514991029845964,10.436842528406084
5320.0,0.028874316081615524,-0.12611842759313696,10.439916153945326
5340.0,0.07221602682595743,-0.0937892490540905,10.30897388804902
5360.0,-0.022445354852467403,-0.07630306496778777,10.206695337529249
5380.0,-0.014657229893322401,0.02307510811037273,10.035428605210985
5400.0,0.005718695791427052,-0.014496202422346803,9.947302140548919
5420.0,-0.06019422274176818,0.0018830315946380706,9.779990453325533
5440.0,-0.08808034598155406,0.04798714417892632,9.671887962117495
5460.0,-0.05098360363615243,0.0975647793211295,9.56852781921678
5480.0,-0.09619209648868818,0.07183325719683355,9.371202101316623
5500.0,-0.09167723349925255,0.04748483845409071,9.334345733756537
5520.0,-0.08709156527937953,0.06436329569902,9.216041677196012
5540.0,-0.1808532824730234,-0.001480022011034407,9.113094066548898
5560.0,-0.1054456404481286,0.06856852525122524,8.966164032592392
5580.0,-0.10861422612897537,0.11531660737697783,8.986805504389277
5600.0,-0.09965361970547824,0.01113808093962479,8.908781424528751
5620.0,-0.17551097689174883,0.014440944730250913,8.936881383420333
5640.0,-0.14923933015136992,-0.03929708601909453,8.871888558403821
5660.0,-0.11884797354439701,-0.034389013579008455,8.864852449625456
5680.0,-0.05259866375129554,-0.026716017002109568,8.974144354059883
5700.0,-0.14827860534415493,-0.1000221996876373,9.089906434741783
5720.0,-0.144644498732546,-0.08347654207693211,9.086523730091153
5740.0,-0.004139481551182492,-0.09467037630798768,9.238438025313245
5760.0,0.003340013992359163,-8.86781483404736e-05,9.326889865006192
5780.0,0.012932176266010093,-0.10383919156139008,9.496078174561795
5800.0,-0.01062025629547737,-0.05431266027839374,9.582050428731915
5820.0,-0.02283955728088441,-0.006372167584524838,9.75018577618628
5840.0,0.057254777564876826,-0.048385371276968604,9.84753656106025
5860.0,0.087047020767931,-0.037550702796529146,9.94877217197934
5880.0,0.10444273844292322,0.056041369429905556,10.131247636231507
5900.0,0.1498595548307854,0.07719095788386238,10.263254387056707
5920.0,0.18874270683862604,0.06202431846282857,10.325861371198497
5940.0,0.11579841956806608,0.08731352805873377,10.436493083680997
5960.0,0.06936219413094541,0.14873987335743885,10.552794847109048
5980.0,0.08214225253948741,0.08977038349048903,10.60728720143149
6000.0,0.09875148754109025,0.062000088682065545,10.617384985277528
6020.0,0.11733218997244552,0.09006135817673097,10.710983567963986
6040.0,0.08682780183808764,-0.015939317943069308,10.692217040716354
6060.0,0.08384197668674344,-0.032875768003786734,10.730136183564596
6080.0,0.02269913411694291,-0.009170391200442232,10.65603058173565
6100.0,0.08529339345025712,-0.09492153033688651,10.66749643455915
6120.0,0.10279978935498751,-0.03301989049082873,10.501169892123453
6140.0,0.07398045637775832,-0.05755169179105865,10.414227311972713
6160.0,0.028849000822215864,-0.057604597780745705,10.391034859745439
6180.0,0.0199676745064528,-0.05246013074654762,10.311487280201044
6200.0,0.04042644689140232,-0.14963431500926122,10.126851747996888
6220.0,-0.02443939761167416,-0.09279578524431097,10.011790091892571
6240.0,0.009261932607383914,-0.04884611750236527,9.886218157829285
6260.0,-0.0814846169252768,-0.012700678412094605,9.790564652220814
6280.0,-0.08228461815280637,0.04764977231423835,9.539313681083426
6300.0,-0.010541701251776059,0.07038022724759375,9.468950408091024
6320.0,-0.06628776581429546,0.013309550323032299,9.394777694489159
6340.0,-0.10651873618618665,0.06322087187021457,9.22451982831458
6360.0,-0.12208920623789106,0.09603509126530282,9.151844934131296
6380.0,-0.08323261795997261,0.06629774476008574,9.077075684111467
6400.0,-0.12257408042498923,0.1335175679291908,8.937428088205515
6420.0,-0.06320285980744446,0.08721715374010135,8.914154831675566
6440.0,-0.02629623643123863,0.05449469926033386,8.949224582111816
6460.0,-0.09795746449771935,-0.009412282409574356,8.899391751270178
6480.0,-0.07764154558627984,0.025933579720067233,8.924978647838069
6500.0,-0.11351009766196589,-0.013465590981583554,8.982939411458178
6520.0,-0.04714368926746683,-0.03162036118232836,8.992710233708337
6540.0,-0.08942855124337888,-0.09828208865671391,9.014703460658513
6560.0,-0.03418613900021644,-0.0748695494430532,9.142972307942342
6580.0,-0.130527276470371,-0.11316358943529178,9.298742154873961
6600.0,-0.03432916931169727,-0.04817090191815612,9.324397703259317
6620.0,0.055551979049284286,-0.05162899733491304,9.506622783019862
6640.0,0.10274616607589114,0.024896499508351013,9.61618122079199
6660.0,0.016243321636547983,-0.01862011887247092,9.779276552334887
6680.0,0.04814543044881993,0.0005455735219156415,9.948326887140908
6700.0,0.06147685498362944,0.11517188279163015,10.0336468881797
6720.0,0.14012023514546842,0.06436842958680139,10.192589920217214
6740.0,0.06267057172492649,0.03447500974833152,10.29539687539069
6760.0,0.13103117092158156,0.07245036555298265,10.343976598684568
6780.0,0.05503394799009769,0.02136344857364056,10.42360946870961
6800.0,0.11035652404464441,0.1045240850373339,10.566075580409448
6820.0,0.02887383034800564,0.0464243283380796,10.624669090476683
6840.0,0.18036115485267662,-0.014738956434409055,10.661819758858973
6860.0,0.16329034032379625,0.03189673673548567,10.72061613704108
6880.0,0.10182922039895058,0.006124493854992455,10.733226858936277
6900.0,0.061499867908622496,0.004227082468489879,10.642653420064825
6920.0,0.09129902167004715,-0.03893784429790899,10.633771224216853
6940.0,0.06717509057972992,-0.0815918100853927,10.563202557351298
6960.0,0.04221283102387258,-0.10765317104725933,10.53935819762705
6980.0,-0.0002823612390065941,-0.047075119377987966,10.397683205441457
7000.0,0.004624399238539231,-0.09033718846078242,10.382036862573846
7020.0,0.019924149734123604,-0.06618710914069141,10.237727054996784
7040.0,-0.08165828381651997,-0.045280657071442486,10.165412245049648
7060.0,-0.01936552610044818,-0.022437329547638732,9.983355246365226
7080.0,-0.0081979094705171,-0.07352892516008909,9.770385659036322
7100.0,-0.04683282403784419,-0.007115007790544182,9.739770973969827
7120.0,-0.07864305667998715,-0.029896002392745154,9.516612770944862
7140.0,-0.17573499212562207,0.04611170560809785,9.427118532651788
7160.0,-0.10443261536233786,0.103658130794747,9.356843282217241
7180.0,-0.1035870322478057,-0.0031742640042493747,9.228844174626403
7200.0,-0.08401713496786874,0.08155338700795858,9.147539872727572
7220.0,-0.1477069702146363,0.13383140681979644,9.001296038065746
7240.0,-0.08177130911558728,-0.00846637147895006,8.941521249794535
7260.0,-0.053526244171604766,0.0239582561597178,8.961578731556441
7280.0,-0.09449131478381968,0.008928124786214619,8.957864513143788
7300.0,-0.10492056359679328,-0.07134982658135229,8.880312541196245
7320.0,-0.06900521143117748,-0.01599222310882828,8.872261650030385
7340.0,-0.1033042952988171,-0.06831310167734418,8.952962515995049
7360.0,-0.11399542254545582,-0.08373490803012415,8.997983253813338
7380.0,-0.025226619673635726,-0.041638238885198145,9.093887045043937
7400.0,-0.05115806825652148,-0.06696057352546657,9.161977475903235
7420.0,-0.06193250801541945,-0.10017942616927618,9.273889485046917
7440.0,-0.04637704407562432,-0.05094068254663617,9.438785858596587
7460.0,-0.04493761832218139,-0.03996385944456503,9.531614823746349
7480.0,0.038589080850333246,-0.02183985075717209,9.620570994993711
7500.0,-0.002126444490666901,0.001029825145473728,9.84265733219109
7520.0,-0.020973024154869936,0.0334874241666012,9.983489800393745
7540.0,0.06435109404624713,0.06010045169805278,10.049380005587915
7560.0,0.0771305429679964,-0.00011920602694891896,10.118002174191178
7580.0,0.12406110716765253,0.032796861386520396,10.301248579638957
7600.0,0.05022792750544783,0.02250898483889984,10.416658075832503
7620.0,0.07866594909332175,0.08318646969967079,10.530148433587245
7640.0,0.11851363050983295,0.07009294692843826,10.645037266375189
7660.0,0.07056588296828574,0.04603013413816391,10.687190191929135
7680.0,0.15038865804012264,-0.01992668589554341,10.675258870753419
7700.0,0.14945332757533675,0.026806761498596704,10.711708261687235
7720.0,0.08777624177536579,-0.02603469264599113,10.713257915437016
7740.0,0.07787309019874902,-0.03458000170130253,10.683869514337232
7760.0,0.05231673177288414,-0.03196626973966645,10.741218048845553
7780.0,0.0014717013220303665,-0.05218452995666696,10.55181733747263
7800.0,0.0700473209967307,-0.06909517048599063,10.526776835589692
7820.0,0.07602180411699508,-0.06480527523555432,10.445682510785325
7840.0,-0.06292214245651989,-0.010231534001645573,10.311532087377078
7860.0,0.040667865868893184,-0.09700175048245346,10.150511077037775
7880.0,-0.008200550433735788,-0.038408899484023984,10.062214142545939
7900.0,0.008699954787368822,-0.079688382911469,9.953533577717979
7920.0,-0.044253837886692536,-0.0035147742304158115,9.732543880897525
7940.0,-0.04121164356876118,-0.059679484317521445,9.671823037315608
7960.0,-0.12398172219940196,0.04564200837562344,9.513629841867031
7980.0,-0.04213519718868245,0.05252349513615109,9.368733275800562
8000.0,-0.11022576392225404,0.11302696607966418,9.296413666858106
8020.0,-0.11331804989469382,0.06371869048391679,9.119413829010547
8040.0,-0.09128514610038005,0.0074200190399094715,9.111552589920446
8060.0,-0.10306028039504217,0.14334621772718598,8.974083151828191
8080.0,-0.1113942194356347,0.10813384754523812,8.999657155106622
8100.0,-0.12996077059077318,0.03434382778636838,8.922661451818708
8120.0,-0.09112059541095273,-0.019030285261458647,8.904163260528943
8140.0,-0.1500244868350834,-0.011418173972972996,8.928150544101756
8160.0,-0.09302036116862626,-0.09278765168824246,8.972405140249855
8180.0,-0.061339752764044755,-0.07851147286932257,8.97311192900184
8200.0,-0.11397723659206041,-0.10103690224978028,9.027931469925688
8220.0,-0.004419970477240735,-0.09369584133122058,9.150231235414012
8240.0,-0.05114050920680714,-0.06236322335315092,9.219350792012467
8260.0,0.014105880324686845,-0.08307497937654076,9.278954344284745
8280.0,-0.04859759276850854,-0.07047796207992639,9.41069660087278
8300.0,0.030354973935804608,-0.05098815030535546,9.66594033080256
8320.0,-0.02895861602378938,-0.00725195734219473,9.676846100811204
8340.0,0.0297330468290778,0.01217572503620572,9.770481888241186
8360.0,0.06936492325122973,0.0947806651918734,9.970518642020059
8380.0,0.0828569872882628,0.08246028849238943,10.111090258356123
8400.0,0.06444362996536751,-0.018859163494116107,10.262662981870369
8420.0,0.08990571904547316,0.03406354319741005,10.358218152784863
8440.0,0.08039673314120005,0.05345392744107905,10.476148312862918
8460.0,0.05865270541903049,0.1045513535968677,10.492436309936322
8480.0,0.08457769159612588,0.12501593970303335,10.650564698393621
8500.0,0.11101847789955477,0.009401980622516612,10.644076333931139
8520.0,0.1075548738458437,0.02442125303800568,10.691486867250171
8540.0,0.09891608747756246,-0.005693761967758702,10.656109684036034
8560.0,0.07465279444278587,0.012359302532291536,10.650173582712696
8580.0,0.07672700982538215,-0.06803178047184638,10.673216875144574
8600.0,0.058498059613579366,-0.003768175205743435,10.638724757616076
8620.0,0.013289454946768982,-0.04311257848560181,10.527073494307057
8640.0,0.02476634589223287,-0.060737954154559105,10.453200645931803
8660.0,0.06094936282549719,-0.09747115704987877,10.349909095820932
8680.0,-0.009209454610940884,-0.08245058652863285,10.298382585916364
8700.0,0.019523130320887674,0.01056064676355798,10.217329644552676
8720.0,-0.05475170776526844,-0.029007665742411953,9.967326673771922
8740.0,-0.061660796898174546,-0.03286913027564213,9.837443704380293
8760.0,-0.08624684977134657,0.005766289168485059,9.69627073038134
8780.0,-0.033820650879075265,-0.0006490386107475266,9.703141229098941
8800.0,-0.09152127168435119,0.05180800909396304,9.430000961127474
8820.0,-0.026718682129824818,0.10183575416430768,9.36378117400358
8840.0,-0.14231735825109706,0.07773664561727169,9.202477688227765
8860.0,-0.05058397292022818,0.10004343547316957,9.146228560724719
8880.0,-0.1913169511227353,0.03218599963901509,9.083185330329766
8900.0,-0.06546344517730246,0.09429789688208129,8.936585197702131
8920.0,-0.09678133539369728,0.07488342554177084,8.885938645088984
8940.0,-0.1045974708387608,0.029237023298043792,8.904707956403378
8960.0,-0.16376390598266682,-0.013208800724501079,8.89526537015764
8980.0,-0.09649265061663356,-0.042829439795997445,8.903127224849467
9000.0,-0.08299929073430451,-0.02683462699111787,8.940044198634377
9020.0,-0.08439448525601949,-0.05448043157179605,8.934960660857525
9040.0,-0.04021770094088198,-0.06791502698359014,9.073333947785452
9060.0,-0.008853639638517811,-0.1402973855818111,9.089287692155818
9080.0,-0.017497483031968922,-0.0697565679254937,9.265468925086575
9100.0,-0.027241706940522595,-0.03753923203774803,9.40571405281314
9120.0,0.022136667455014566,-0.05571702527716064,9.42270224057643
9140.0,0.04826714064133232,0.014581599305337534,9.649470561956473
9160.0,0.006218543149147757,0.016356760309083097,9.79154865341685
9180.0,0.10638684382056902,-0.016284728750941474,9.889049632907046
9200.0,0.09162872298587522,0.0366956170356594,9.991364432376576
9220.0,0.0921456613235386,0.07211540697546091,10.161965001525074
9240.0,0.09571743097934532,0.05530187597989034,10.331046929715226
9260.0,0.06490758100535181,0.05048516128623398,10.389384858385956
9280.0,0.13340638177975608,0.018905161696849936,10.439615856420708
9300.0,0.0352040386932812,0.06629188066141797,10.527404429349584
9320.0,0.09452909300420342,0.07624918109599796,10.607913060131427
9340.0,0.11509606939080391,0.025784043746465243,10.69901747597832
9360.0,0.1202149788619164,-0.008070184577755758,10.694997368098992
9380.0,0.13434978402333184,0.008344660460881698,10.65711685335524
9400.0,0.11277852121086776,-0.0644663395785644,10.740146483104455
9420.0,0.11564960201537872,-0.03504778635578632,10.660844631823846
9440.0,0.060652946255167935,-0.03605456644309672,10.58773486786029
9460.0,0.06283429245274516,-0.038495865981070646,10.508397057360389
9480.0,0.01840388515665118,-0.11379710700803083,10.40177842670455
9500.0,-0.03954911461657955,-0.04293206155770733,10.39896873603612
9520.0,0.058250514659002904,-0.11568938315356575,10.245641788063809
9540.0,0.041867170587343676,-0.059759330759864865,10.09904990889924
9560.0,-0.09427391060270662,-0.015478524589382156,9.926946162547528
9580.0,-0.03255686735961682,-0.05825969318555491,9.848267123755722
9600.0,-0.01833507558592643,-0.00950562328416132,9.65405779944276
9620.0,-0.14307275952325418,0.02848809966458269,9.540637470334547
9640.0,-0.1337820108707338,0.07016175588392506,9.417963013740785
9660.0,-0.12722717907255496,0.04648733023129044,9.352390746801692
9680.0,-0.07652064439890899,0.06698910220499332,9.22890799495545
9700.0,-0.14408666143920518,0.07185763557791139,9.118344363068811
9720.0,-0.12338226463595543,0.07876601006182624,9.007560838513157
9740.0,-0.09015038679545304,0.06990585482911182,8.871979918024588
9760.0,-0.0649384471841373,-0.07357738982259876,8.91061972448233
9780.0,-0.06689757218997143,0.001496624862384336,8.858813242384711
9800.0,-0.13491830189405993,0.02691770830459098,8.841173285845352
9820.0,-0.04878223340206577,-0.031763615297996095,8.885374852223139
9840.0,-0.09836133465012326,-0.08355570639382368,8.996071833819098
9860.0,-0.040203473602701614,-0.12191255893160399,9.009358896649246
9880.0,-0.08244178194735267,-0.02468463587377845,9.051736941942615
9900.0,0.018711343262930273,-0.07302324032992837,9.149889900440877
9920.0,-0.045497981579883814,-0.09532834328377227,9.25149630171537
9940.0,-0.0023365209923309925,-0.09958981138805137,9.33693299270832
9960.0,-0.0026778542739282953,-0.10394333121175217,9.512986946198307
9980.0,-0.005182324244570904,-0.051879556394449126,9.74148067834698
10000.0,0.0440315858202695,0.008587985314836203,9.744476059628017
10020.0,0.03363482415434284,0.028922585921497743,9.905994518256714
10040.0,0.10148919923659458,-0.0012510161694087932,10.063964608664055
10060.0,0.06079655254354299,0.06236399019220339,10.177637037470896
10080.0,0.08158302717728588,0.05900713064464669,10.291488482705386
10100.0,0.11573169176730382,0.0802015175661454,10.419640907251955
10120.0,0.0891351092169008,0.0978365258380565,10.50605539038946
10140.0,0.09654948781456398,0.0654060702920272,10.649195913106553
10160.0,0.061019197604114624,0.07489784571220429,10.581285057567614
10180.0,0.11373432525129305,0.08496294079782232,10.70329470956773
10200.0,0.10789096696887515,-0.010591738591478123,10.705960707602543
10220.0,0.08657300750646062,-0.040110841523818386,10.693024601687235
10240.0,0.09364952519513092,-0.0599423473633193,10.652898695899243
10260.0,0.02844071495443056,-0.03691542191240463,10.658305800319862
10280.0,0.07177434924671931,-0.02974400105781387,10.581499357872108
10300.0,0.0635586135913585,-0.06009037215515084,10.496908017818575
10320.0,0.016300309954648755,0.005955327195276333,10.390242396395951
10340.0,-0.004177436063132124,-0.05070702060795269,10.307219816596172
10360.0,-0.046224355748551105,-0.015012360503268748,10.176291212756677
10380.0,-0.05219097906135379,0.0037948706451727265,10.074205386971455
10400.0,-0.07351704556335692,0.04429572753314999,9.942507818100696
10420.0,-0.04490056878209721,0.05927524910570554,9.789608336535036
10440.0,-0.059801254590592504,0.0017037864077941965,9.669494012298008
10460.0,-0.055076914101509,0.044284786330152474,9.490151228788138
10480.0,-0.07852148744815622,0.05633346854996236,9.346356524284964
10500.0,-0.1440081018596084,0.08825643743159255,9.186577181909971
10520.0,-0.09263163209773935,0.05526140816129091,9.220053658421834
10540.0,-0.12215313045056961,0.09209551630806745,9.071347729172889
10560.0,-0.10358085076022158,0.08559218332429996,8.99639844613718
10580.0,-0.07292162529176836,0.010414352314204102,8.968269267185965
10600.0,-0.07330095848790152,0.049606280005958577,8.98966704502992
10620.0,-0.1277094268756211,-0.04284669379919008,8.872487745826138
10640.0,-0.07097716387120316,0.0012798079110734849,8.915978803619652
10660.0,-0.12436417844483946,-0.009420515251257651,8.894941857832285
10680.0,-0.03353489371060141,0.046909400360107684,8.995758734771174
10700.0,-0.041045022746673834,-0.08239763968889859,8.983397400810151
10720.0,-0.0685098766131032,-0.10956455608861514,9.07717859716298
10740.0,0.027983155863197266,-0.06149119985206433,9.237588699908992
10760.0,-0.02726688346042723,-0.07040707042441155,9.367752106913207
10780.0,-0.0013611758251124697,-0.0332879619610636,9.447553549421942
10800.0,0.00402220221139934,-0.083928260331388,9.513607884368785
10820.0,0.02270672826868684,-0.012401734377274732,9.671309905349094
10840.0,0.045795473466260714,0.009107383173955158,9.776409606149715
10860.0,0.029046646081866787,0.04243314029301884,9.99993603799181
10880.0,0.03338509022607828,0.0521337110004903,10.152612883744677
10900.0,0.11197479012865127,0.05745660809065747,10.223849135725192
10920.0,0.07183955643427686,0.08588117039783341,10.36061590698514
10940.0,0.12285468584299367,0.07656442548936278,10.483584860661274
10960.0,0.1088068284688847,0.09535942364889521,10.571834122608298
10980.0,0.07961380883069168,-0.00557221872977353,10.665129531696648
11000.0,0.11658539373714345,-0.017686468177305813,10.637617182262982
11020.0,0.13200583806828853,0.013319250816469553,10.67674520011091
11040.0,0.1490260905814625,-0.03484568325151399,10.678643572262015
11060.0,0.10012919704510483,-0.005986616735361126,10.715437289328912
11080.0,0.11525478428916959,-0.03239014124101451,10.686448047978482
11100.0,0.06302789687489072,-0.05328251286657114,10.624758043521297
11120.0,0.06673100050263836,-0.03956666562668422,10.573616408144302
11140.0,0.04650881399195233,-0.10004102933124484,10.47278029965455
11160.0,0.02871878678284352,-0.06360194960344821,10.44880061091155
11180.0,-0.004568520585700998,-0.04787311466681844,10.297307053825737
11200.0,0.0009453270380063122,0.03253718754416045,10.124730722205607
11220.0,-0.00733348886643557,-0.05943053627012061,9.996190319124421
11240.0,-0.02573190256310137,0.018804399764075726,9.885612444165965
11260.0,-0.005361775493185568,0.007492456545949353,9.727229976480505
11280.0,0.031344384305884335,0.04527065292933922,9.579624461036301
11300.0,-0.10002204757927918,0.016293594618268466,9.508117830038778
11320.0,-0.09918509891555607,0.06711091698418306,9.351166314922471
11340.0,-0.06957703476587918,0.040727261645969036,9.204082744823369
11360.0,-0.09391600139044026,0.09275519482280484,9.154526825336061
11380.0,-0.1343746834274856,0.09031752836527959,9.033078558275419
11400.0,-0.1261682269551363,0.02243858011458732,9.037846194983404
11420.0,-0.08516591219619163,0.06051516111362811,8.987632789624346
11440.0,-0.005878089112342416,-0.04017037427960654,8.889391536542316
11460.0,-0.12050436898973282,-0.031588053655315744,8.869005646550436
11480.0,-0.10179797369940041,-0.06568906994124812,8.930359133076728
11500.0,-0.07980012960215832,-0.025484534898330562,8.968469631141701
11520.0,-0.04895153289320521,-0.0707821356995385,9.076432737356038
11540.0,-0.0487088413169353,-0.13308228492615404,9.036861523252716
11560.0,-0.10339694502029698,-0.0713421300098267,9.15410869475902
11580.0,-0.043475517044773954,0.0008749359380220839,9.278727132667543
11600.0,0.014346183341135393,-0.09337918271411874,9.33810162211187
11620.0,0.006485479635105223,-0.04053277934517162,9.431500464293933
11640.0,0.015033127560298305,-0.02768638111170659,9.61938079673504
11660.0,0.008537363674877455,-0.02610977483652742,9.755240041863159
11680.0,0.055006275973951954,0.03554682398630582,9.934805510539364
11700.0,0.055172030872401086,0.018720797671287155,10.045788847022077
11720.0,0.0990136634219833,0.036665234627868304,10.186550071847298
11740.0,0.12231744546850672,0.10956560883694488,10.341548398700363
11760.0,0.06610724258221543,0.07152782530960429,10.389395084794149
11780.0,0.0992104159115868,0.04858902046380413,10.433481572549406
11800.0,0.10976831707501157,0.03825509969337616,10.569554904777982
11820.0,0.08019682289537063,0.014612902345236996,10.638567497972014
11840.0,0.11228345203301342,0.05653573951400738,10.751998706774563
11860.0,0.11329063009711597,0.03312535663560123,10.66318553295765
11880.0,0.05277700468434178,0.04997550063905611,10.673688733078865
11900.0,0.05329384656846651,-0.027873430035876272,10.68755179118761
11920.0,0.04821841489542822,-0.055867840667887976,10.698369632421334
11940.0,0.039759298907014184,-0.10858144169491422,10.633702880522952
11960.0,0.07181973889818088,-0.09073172053195427,10.472684440819346
11980.0,0.013908813580975135,-0.07390897047239926,10.479833495964893
12000.0,-0.011835647836564139,-0.07143426502615279,10.35928679015955
12020.0,-0.07498035526672418,-0.02259391017377682,10.178886104532122
12040.0,0.0037132906110112184,-0.035137071197634845,10.133459772527718
12060.0,-0.0047153004932684005,-0.10801945767911503,9.93670347942729
12080.0,-0.03470691345915567,-0.010441886923135727,9.845983461440488
12100.0,-0.026565189777420155,0.03920148265090723,9.686350466802725
12120.0,-0.132233748423221,0.02187072964729432,9.575566143219273
12140.0,-0.11766198527781904,0.07640071496725483,9.465505742510398
12160.0,-0.08513607634961684,-0.04133493089222824,9.27016199524425
12180.0,-0.03160681688087921,0.052411191601447346,9.137794306499659
12200.0,-0.06022108437480951,0.0711921277564941,9.151860998615309
12220.0,-0.0972444332058223,0.07957453807074209,9.047581333095717
12240.0,-0.08358202065038217,0.13030086352498085,9.008065735607559
12260.0,-0.16191102293158527,0.048722902999510265,8.972133267260407
12280.0,-0.06069022516022754,-0.0023295141608496283,8.95090280735273
12300.0,-0.06416652074968465,0.08101411747731097,8.882175883645857
12320.0,-0.10605594210975088,-0.04054920852761519,8.909950913537267
12340.0,-0.10910303336125576,-0.14464649715384642,8.950539470208737
12360.0,-0.052910914854903755,-0.0790046838386497,9.091222962220945
12380.0,-0.05176213032024718,-0.024771467838411894,9.108140125522592
12400.0,-0.008512419554781988,-0.062084470059160936,9.2384650667808
12420.0,-0.019835507884924386,-0.04990745907376866,9.308929598463669
12440.0,-0.015745452117351146,-0.04243838595147387,9.49144932863107
12460.0,0.0011469292324179769,-0.02616209308726183,9.583334839861106
12480.0,0.06654514168959555,-0.020976919253368923,9.58802836518781
12500.0,0.060141779622030066,-0.07768159905180841,9.858097803082934
12520.0,0.06245511932339982,0.056375584569065315,9.910279140372339
12540.0,0.015369238147962538,0.049969767782067194,10.072811303020865
12560.0,0.06410443102718721,0.05957591193948363,10.296914446206971
12580.0,0.12027269828268526,0.10400413506209195,10.346729845418443
12600.0,0.1505345814047319,0.06520541589530948,10.350825749567184
12620.0,0.09760063623285918,0.09836823461973397,10.480366575093932
12640.0,0.10111108462134512,0.03752997824086242,10.64238640301708
12660.0,0.13416266042408648,0.07075677617780476,10.669302094170185
12680.0,0.10482604087396692,0.03674951171998039,10.644709850892742
12700.0,0.02539361996371231,0.014276832378704456,10.71621371455497
12720.0,0.1377194659404667,0.042395093316663045,10.758120195203817
12740.0,0.0517753588079194,-0.04541902618798963,10.697930259979053
12760.0,0.1646658989911324,0.001212674304470425,10.678398386820957
12780.0,0.050093655254216704,-0.094436955393746,10.6060357664927
12800.0,0.011315086535353798,-0.07906995433677631,10.49609469028314
12820.0,0.09063099705848549,-0.0839544199610294,10.320686943340787
12840.0,0.03678384649426887,-0.09036312928734348,10.299896997916163
12860.0,-9.131611166465423e-05,-0.0638857392666209,10.207249943256416
12880.0,-0.06695866147114748,-0.05590807123061644,10.076248068924704
12900.0,-0.05075104298223347,-0.07421390670031851,9.942849347221859
12920.0,-0.005235392669765956,0.0020427586414369044,9.715403318154571
12940.0,-0.034109405827493396,-0.033281785381124404,9.65993722161194
12960.0,-0.10281925182382326,0.0031766064321678902,9.50233390057572
12980.0,-0.08948444681892335,0.03622913728811203,9.413632740178187
13000.0,-0.10810709780932144,0.10278274968176468,9.287484333734298
13020.0,-0.12423550277225391,0.04168641924854473,9.116602656714383
13040.0,-0.09470608190484497,0.05660300465545388,9.002212870133992
13060.0,-0.1263120566791654,0.028266713718176614,9.067736611934523
13080.0,-0.1673982976654782,-0.005253499977763185,8.996807455205117
13100.0,-0.05810663827423753,0.0004305649378985449,8.900468470545867
13120.0,-0.07942081189038233,-0.07602496289507424,8.842147695665775
13140.0,-0.10391832273017304,0.03809867502616375,8.897149267446155
13160.0,-0.08152789401536001,0.003421754021966622,9.011547490714786
13180.0,-0.09428782565398333,-0.05369022978045814,9.046704877388171
13200.0,-0.1147307821263968,-0.02918221030816888,9.011113823415535
13220.0,-0.043828166058435696,-0.07980488930916835,9.09429335131296
13240.0,-0.06670800957468943,-0.06136688523408484,9.259143511073201
13260.0,-0.02099186779015543,-0.06190262198322828,9.35398392535502
13280.0,-0.03423603372623284,-0.02597301199747631,9.483090708243614
13300.0,0.10712447384328452,-0.0478499112049092,9.566796238493243
13320.0,0.05877520031109266,0.014289527314887866,9.697596406265722
13340.0,0.03289140004992039,0.02616562280691788,9.822904437936073
13360.0,0.04670731958312437,0.031314650870173495,10.021246836431743
13380.0,0.05260276073378535,-0.017895426938074804,10.049747719493919
13400.0,0.04069777922925369,0.014830740499145671,10.23481693013983
13420.0,0.05225580801006944,0.04491105440225404,10.32669426195078
13440.0,0.08540777049973713,0.11823649363343171,10.478096288029185
13460.0,0.10606061935002548,0.05175939876395655,10.526192182663664
13480.0,0.11924336733687833,0.07815874047803342,10.579340669022613
13500.0,0.10887916460871233,-0.028786146738148242,10.670010847111609
13520.0,0.1316654613038984,0.013305537965289297,10.758245794651984
13540.0,0.06915187981024778,0.009419781407536694,10.705325073650124
13560.0,0.08922025205789659,-0.02365381523741209,10.701813959177318
13580.0,0.11304000875048552,0.008880375304747681,10.66924085155799
13600.0,0.10063628347692413,-0.08003879659919542,10.64780278806483
13620.0,0.032532862415026856,-0.028432461128996556,10.631558739984992
13640.0,0.04068828281144797,-0.14846064203656767,10.451229252958791
13660.0,0.07281503895431951,-0.05100561735102639,10.380284201115256
13680.0,0.04906691912166246,-0.04569735996251181,10.302531263032982
13700.0,0.029695088727173254,0.0039721242189274045,10.150519960352932
13720.0,0.013007467404653542,-0.04222178275687158,9.98744255644989
13740.0,0.025292277987679024,-0.0032490787453998285,9.902614944780318
13760.0,-0.04509989471550466,-0.009711805365502956,9.739240276265235
13780.0,-0.013035303827023531,0.050905737798646974,9.54490475455499
13800.0,-0.08325637188076267,0.111667674371531,9.467855012419037
13820.0,-0.14944864787498843,0.12890994132599454,9.377272856371267
13840.0,-0.09762971910226022,0.05736368413403753,9.279610092381079
13860.0,-0.12073582614971251,0.11191059471636815,9.161865029377998
13880.0,-0.09747993551702172,0.07169857707882707,9.052989809438774
13900.0,-0.07131697018028854,0.025189954356293922,8.93553827334153
13920.0,-0.08583026183091216,0.06143373444721695,8.96078883022227
13940.0,-0.09005031986406581,0.008433626115431884,8.942796611526505
13960.0,-0.10053277548003375,-0.018858341500451598,8.895804864287626
13980.0,-0.020587727000308115,-0.08383210277770996,8.936125233863272
14000.0,-0.14037843581899048,-0.046108705006361654,8.935522173353965
14020.0,-0.14303276314693525,-0.04409650724552025,8.98889138608713
14040.0,-0.130386152383453,-0.038510435407187,9.122169890584143
14060.0,0.009675011576054417,-0.05938536660732084,9.159983912451072
14080.0,0.019404864113062123,-0.010624052509091708,9.299187636675512
14100.0,-0.04402107538752867,-0.05374454077362238,9.38845475835866
14120.0,-0.05813930674539207,-0.030160406146273296,9.57602608305221
14140.0,0.04374163916306037,0.023390553838183063,9.63331303309154
14160.0,0.034443386767576585,0.006118455183545504,9.732876180958744
14180.0,0.018096143594397276,0.058699778097964644,9.945007525366417
14200.0,0.030785480150295662,0.06856622269470716,10.027427299302147
14220.0,0.08952739145476787,0.06796990217215573,10.193688566537826
14240.0,0.09092709559325966,0.11371225237445948,10.29013661635677
14260.0,0.11827825697172975,0.04187719727916292,10.464553430787168
14280.0,0.1190868631223986,0.09626813253723725,10.429189739270093
14300.0,0.07772996565622776,0.10847347685470916,10.576586322092052
14320.0,0.04100605613581809,0.089441091964222,10.61133465720648
14340.0,0.15639729310047112,0.03318662176664621,10.682658208960662
14360.0,0.14484890675544382,-0.015264759191557387,10.666150541193819
14380.0,0.0909413203891815,0.02352751798873333,10.659429821535058
14400.0,0.03145067807375021,0.0023252646532349597,10.669604284715973
14420.0,0.06607823216873203,-0.1101821420808376,10.631577206301253
14440.0,0.0677042198340363,-0.0272396797252975,10.573719047973244
14460.0,0.11259751118848639,-0.09297302965554441,10.504152073328303
14480.0,0.09377814537274873,-0.06459320984993767,10.419714107303559
14500.0,0.019015061692553913,-0.021118493959279505,10.386973825750133
14520.0,-0.020223759636916604,-0.06026160940440658,10.22342736352771
14540.0,-0.042424955528060034,-0.045719958276763215,10.09568554894231
14560.0,0.01590967793824426,0.017445585522325308,9.952648424135193
14580.0,-0.04703245302164952,0.019632639663004985,9.808785490186551
14600.0,-0.03359061391505268,0.01482894481794881,9.659921139571264
14620.0,-0.10110123798479234,0.08845962771830229,9.55551850626439
14640.0,-0.022083938152110863,0.036328830287977065,9.443904159145651
14660.0,-0.005832735214333279,0.028888828365491226,9.248471580442667
14680.0,-0.052592782835288544,0.04260169566868287,9.20651459656546
14700.0,-0.12396188033147429,0.08011037938590182,9.079919314250292
14720.0,-0.11323588991441545,0.07926850473279637,8.99958519840612
14740.0,-0.13249705260522326,0.03843239864956813,8.924071973651065
14760.0,-0.12138878120494731,0.03724762886134758,8.918197227421196
14780.0,-0.11228293064160327,0.011905101764489482,8.887178730586013
14800.0,-0.07245031492863582,0.041235241551431656,8.892172630687714
14820.0,-0.07131498383401673,-0.038221642271728425,8.939900745864973
14840.0,-0.02315002352741527,-0.03014977044963262,8.90368444293071
14860.0,-0.04994859984375753,-0.01859168823012692,9.015728754847489
14880.0,-0.01738306555117898,-0.09411152871017447,9.04699654049376
14900.0,-0.032495759741901525,-0.13333460967295643,9.182165619212913
14920.0,0.023246094053034874,-0.13411338555799568,9.251325557928935
14940.0,-0.04177658966354798,-0.05882896220371932,9.400445722516551
14960.0,0.059580595565120666,-0.007441172818917048,9.556647129693069
14980.0,0.03173333785858237,-0.007623951679076877,9.641277587355354
15000.0,0.07205954334381581,-0.03892154890257267,9.835888194786573
15020.0,0.09803852140579405,0.02876725494662767,9.935685573145001
15040.0,0.08371784650430236,-0.059309778616398155,10.084566461066315
15060.0,0.0773409700182932,0.054840783156840246,10.224782827937249
15080.0,0.08844739187000396,0.027364443874086312,10.312242960735203
15100.0,0.10111784831273428,0.07588061135217106,10.4284095731908
15120.0,0.14057906746021867,0.0319462754136615,10.520459104888724
15140.0,0.1524314323401102,0.00103051685314106,10.596103013029875
15160.0,0.08744341731580024,0.03497799099870835,10.615877785598444
15180.0,0.1001954896637757,0.09427898833645859,10.64193624857017
15200.0,0.060982739133224,-0.0365437171390909,10.765333695617425
15220.0,0.07921331635233383,-0.013499027358387317,10.689072845290136
15240.0,0.053651383829096504,-0.04132002259625376,10.767157085823984
15260.0,0.12477171750425461,-0.08044362144824684,10.661884579758171
15280.0,0.03456293665511814,-0.1256978356629348,10.614106872692545
15300.0,0.09044148041608144,-0.034112853265789035,10.483666634775526
15320.0,0.02904192324911704,-0.04529821997940627,10.419763041998008
15340.0,0.005350972330686753,-0.12256487813284228,10.302390543855818
15360.0,0.040708685791074485,-0.09622168952919526,10.201944601252617
15380.0,-0.0017044313991226457,-0.011557384144083107,10.082825884455769
15400.0,-0.0535643593125686,-0.07449925088164171,9.900776726808965
15420.0,-0.013424248621776592,-0.015352545714463903,9.759741397765968
15440.0,-0.1225656089293149,0.08615695487784841,9.678029224372134
15460.0,-0.04481165861323143,0.07764136997129399,9.537985543827524
15480.0,-0.09162054227525225,0.05304468240736001,9.378063372679938
15500.0,-0.00027874315873760436,0.08793299026873166,9.261410257489471
15520.0,-0.08352861344556359,0.03661390305770365,9.226922762331663
15540.0,-0.12801916148343345,0.08655155895103805,9.12254893065723
15560.0,-0.09409513708506169,0.06310935445578676,9.012965969178506
15580.0,-0.10977648464026117,0.025009330900467006,8.942226597654479
15600.0,-0.05380768570769337,0.02270618564931466,8.89508860491578
15620.0,-0.11905946665990084,0.04393650382241352,8.930935706784226
15640.0,-0.07448113246226955,-0.02516073675019727,8.932467506988045
15660.0,-0.1075853210993627,-0.04534736161487671,8.971749682108765
15680.0,-0.04349841033162574,-0.0874677890580656,8.952989518789371
15700.0,-0.05764923214622689,-0.004732914664120187,8.979710086291767
15720.0,-0.03767304602207929,-0.11947473925521879,9.105622172564102
15740.0,-0.045054436738899056,-0.0857591800032576,9.205616776699431
15760.0,-0.016198853565384183,-0.0830905273709607,9.282806824564945
15780.0,0.02706605976751709,-0.02551172394171858,9.48392480069731
15800.0,-0.03792815398222203,-0.02422412919487773,9.606488361504875
15820.0,-0.004230677589374725,-0.014058054910663564,9.712255124048038
15840.0,0.11147736679236195,0.07458340476472744,9.793617412595236
15860.0,0.14836345436412884,-0.003853996228089098,10.020712547764417
15880.0,0.10773114163030037,0.01173887129353618,10.134093003641429
15900.0,0.08101355551465844,0.08019316079827983,10.248301837274877
15920.0,0.13573849537394383,0.07214646200610808,10.347911675495226
15940.0,0.13918779378641846,0.09226270080017351,10.480541591200351
15960.0,0.08223555628631428,0.03131112123533966,10.521485050631622
15980.0,0.08604349238973955,0.08522979731355472,10.64526672349643
16000.0,0.1021727780285803,0.09240270382391096,10.710497293447416
16020.0,0.11350919990936342,-0.005658272097885397,10.749805532517323
16040.0,0.09785961818451502,0.0062251487470057435,10.694692763887204
16060.0,0.061588008998014414,-0.07105491941828006,10.720215674451493
16080.0,0.05594241584287386,0.06774320005001969,10.631307034724198
16100.0,0.028091834326569663,-0.03762209843338687,10.674520318983271
16120.0,0.06146320374198498,-0.04657707418552616,10.489662149665177
16140.0,0.02124831479123422,-0.10929817037812328,10.40408520087418
16160.0,0.033793717445030756,-0.14886227165327537,10.325295366348575
16180.0,-0.00503825612722723,-0.0917482345944938,10.273785179049435
16200.0,0.008210566761116403,-0.01800443551912599,10.164295528061164
16220.0,0.021251835980012783,-0.03153947919918517,10.019115026383034
16240.0,-0.016541609859813997,-0.005858258008007103,9.860542324128032
16260.0,-0.061066283921794515,-0.017798301524854114,9.753612464071702
16280.0,-0.06658562554187453,0.008261253926581176,9.58162774646919
16300.0,-0.11808677137299425,0.08354683857016723,9.478089521017404
16320.0,-0.11662989434935697,0.0909524015722766,9.33377341018501
16340.0,-0.14440679098923995,0.10610608501957935,9.22292938020356
16360.0,-0.11607787529910363,0.07316292057052967,9.182878817175299
16380.0,-0.10534249772875791,0.024636459476998607,9.078149385867702
16400.0,-0.12488901473677327,0.12155429248338756,8.992266462510655
16420.0,-0.185561908558602,0.051848166990314595,9.012041312613466
16440.0,-0.049163602701608744,0.08373593946372694,8.879543110384661
16460.0,-0.06701290718443728,-0.027079175762706194,8.914571189196158
16480.0,-0.13586345146335335,-0.045663891677013804,8.89496401580519
16500.0,-0.05016013604716936,-0.014295368906618738,8.960387825860936
16520.0,-0.1173215223950775,-0.0686202030989427,8.976078641360864
16540.0,-0.026475278909502978,-0.026658848735684,9.108918169865605
16560.0,-0.0689120200839207,-0.16783250131025412,9.096528211166325
16580.0,0.02267632661458571,-0.08355140087218929,9.233237370435582
16600.0,0.04642585096078325,-0.016511012544052704,9.373927398575658
16620.0,-0.005071821020527441,-0.05121157168145907,9.504422067086498
16640.0,0.07734552820621812,-0.013392544163976516,9.652322033693398
16660.0,0.07793048192446698,-0.048164703505142396,9.787850279874798
16680.0,0.04151836873444374,-0.07368421325501108,9.822489609396579
16700.0,0.02984008479269948,0.053279077536063056,10.034453883235274
16720.0,0.08408692609875047,0.12014527168596197,10.114468163633376
16740.0,0.08707179113161723,0.07501182583737477,10.253537607886326
16760.0,0.09742324351319935,0.01504316129001463,10.438347083017131
16780.0,0.07878648147165933,0.14241222841740653,10.484339641325382
16800.0,0.1425064112529678,0.06328194736286279,10.565469098822696
16820.0,0.08754732019206023,0.057270281977608806,10.641497009663315
16840.0,0.0795521507827548,0.031884315962678954,10.654140014637946
16860.0,0.18407373894125573,0.013006917841450253,10.754983304777385
16880.0,0.09097198352484587,0.0036515374557114172,10.659762782868947
16900.0,0.07418434835449295,-0.019136254315674988,10.746218659739412
16920.0,0.087575539839612,0.0032364346288240725,10.677767001160678
16940.0,0.12492812209739004,-0.061869382347776176,10.684369898664267
16960.0,0.03760047987835543,-0.09583973300616946,10.485708436644671
16980.0,0.1215564945608589,-0.04331365014104836,10.427340747150659
17000.0,0.06816051567444784,-0.04440684269412955,10.404471188561386
17020.0,-0.04581014750835523,-0.06806402984263618,10.20408362612134
17040.0,-0.07698544533428087,-0.006659529266723391,10.086035369373379
17060.0,0.0018894383499890172,0.057777727232968625,9.9518072238638
17080.0,-0.05428444737952076,0.0005356550313964656,9.863820743253422
17100.0,-0.07402797511171762,-0.004177984023752357,9.730851714250557
17120.0,-0.05435957669967401,-0.033752915847954236,9.51810454505298
17140.0,-0.026953076204599857,0.06837358932075796,9.407035119519739
17160.0,-0.09554075852319563,0.06636064797676401,9.34064575554897
17180.0,-0.14516265625039898,0.04210679450397428,9.216792770729404
17200.0,-0.10694895328300978,0.09073975344475044,9.070155322594204
17220.0,-0.09443848316900359,0.10173039498152876,9.05191465857594
17240.0,-0.10312520067596145,0.04723487173570711,8.94486072350198
17260.0,-0.10911909754238394,0.07717945481556122,8.928015442645789
17280.0,-0.13392789301618754,-0.004626987860567441,8.917159512175802
17300.0,-0.10971049463530586,0.00796162209057851,8.92672547604077
17320.0,-0.057182510621573396,0.019989539697759545,8.961963744141658
17340.0,-0.11065067436470835,-0.07957656008543476,8.963101950112952
17360.0,-0.08162958444778126,-0.10158335468957466,9.008025408001364
17380.0,-0.06883823644196888,-0.09347215566149879,9.087937779061617
17400.0,0.003809104360098306,-0.064884593003112,9.277070922326134
17420.0,-0.015825598628869335,-0.07742398594467931,9.296252596678848
17440.0,0.0033217581626302896,-0.04137887861284918,9.485930706419227
17460.0,-0.01897539406845814,-0.01077675230090664,9.546583847497155
17480.0,-0.028352144133424552,0.005587463499771763,9.715813794419464
17500.0,0.012056006837124971,-0.0003126853762186918,9.746262600829732
17520.0,0.01246530774268377,0.05806802909014934,9.925528452498414
17540.0,0.03089889559063179,0.04887447709316951,10.055702988319231
17560.0,0.0648296019205421,0.08248917801245585,10.159393522423114
17580.0,0.059376521680905674,0.07266448358208757,10.351121396890283
17600.0,0.14208901692205045,0.04858076423417886,10.455550589178015
17620.0,0.07675617061660517,0.13387481191159445,10.474627603033268
17640.0,0.15378065126618223,0.038764905507288144,10.66027900512038
17660.0,0.12862789039469374,0.0123922759259801,10.629267701426958
17680.0,0.13347110689612207,0.06667759644806076,10.683716265501017
17700.0,0.10348212905370406,0.03556634895917315,10.709487000530823
17720.0,0.050122535968736115,-0.04105575110862393,10.711399446239165
17740.0,0.12924806915062448,0.023469634880924156,10.708402089350207
17760.0,0.08610441190642902,-0.024382311816129806,10.615883206393773
17780.0,0.05830315008940327,-0.09236954355019919,10.534717999199511
17800.0,0.061512446190823716,-0.06423171632199966,10.524179755456023
17820.0,0.053992988020423016,-0.06304746486110555,10.425542263989545
17840.0,0.017634375458122457,-0.05144616559592295,10.27298985796683
17860.0,0.015883055815179386,-0.030911480427988806,10.156149172911425
17880.0,-0.011494267264052935,-0.0596386611942416,10.033879007587535
17900.0,-0.06863060327375732,0.026396450504961744,9.956748891323063
17920.0,-0.02573351983726428,0.07264444922697746,9.777409314721098
17940.0,0.047293337566920376,0.016850760930851763,9.658061014233716
17960.0,-0.08568024494575599,0.056802376036123814,9.547047273649518
17980.0,-0.08705610610082712,0.12096162070075434,9.401398350402827
18000.0,-0.08302768104940522,0.03666114986527071,9.292290740546042
18020.0,-0.10451195326971087,0.0507059246558697,9.147088422895852
18040.0,-0.011370024838699366,0.059791865052985824,9.03424522388888
18060.0,-0.13199978722287656,0.05799803036043145,9.031721242350121
18080.0,-0.08838316798882641,0.06887528732510725,8.93538840696411
18100.0,-0.09367793326292219,-0.004157113450574051,8.900903969938689
18120.0,-0.13310886487725743,-0.0361700799129276,8.9445368067335
18140.0,-0.0699912441661379,0.01803579316088109,8.91377577784284
18160.0,-0.057872412265809456,-0.09790599968026448,8.96801458818164
18180.0,-0.06789893504361645,-0.031152108444567294,8.996233760107874
18200.0,-0.09600073790348797,-0.1175789399162392,9.021832971231776
18220.0,-0.02764259406249578,-0.047160023119019595,9.079945777629126
18240.0,-0.06663791996803894,-0.09635463699089598,9.211793957478157
18260.0,-0.06412287975839928,-0.11412839435379468,9.30522859766058
18280.0,0.0027895075970957982,-0.09318305168330093,9.45036057699751
18300.0,0.05304690195198355,-0.08024855534479686,9.575603500007258
18320.0,0.06772788048728698,-0.02901851225977252,9.696246017453849
18340.0,0.08772444724319992,-0.0034910292947158868,9.890527212243992
18360.0,0.07608979785310171,0.016179341160433798,10.003178151033875
18380.0,0.08497944528468049,0.08231892796808515,10.097636537031779
18400.0,0.08621944890132685,0.05863856184998325,10.264873491648942
18420.0,0.05798534158043864,0.10510167468432056,10.370108774951106
18440.0,0.05473316805226427,0.11423804092193987,10.533121380227048
18460.0,0.1405602787495946,0.11783978543721238,10.54434332400156
18480.0,0.04961956869771223,-0.006831392880159992,10.620035153271507
18500.0,0.08688307989166508,0.010310368423602237,10.66040473072673
18520.0,0.12653572291048984,-0.027738574230553086,10.678956633077265
18540.0,0.15284069937972009,-0.0358257264358274,10.737020581334207
18560.0,0.07576509376420118,-0.0005497577624973722,10.736471745879086
18580.0,0.10930631457373187,-0.007519806887382512,10.629013836446358
18600.0,0.11107831068686369,-0.08532121249207529,10.63007830901442
18620.0,0.06824118229387587,-0.049626269331645004,10.565979792938343
18640.0,0.015427869642080129,-0.1189669792886586,10.500944009421014
18660.0,0.0362036194673561,-0.030135115463386382,10.370006572465057
18680.0,-0.035417225960450376,-0.028838691501062975,10.246947910134054
18700.0,0.009485381054266192,-0.07194847162365098,10.195512657274406
18720.0,-0.04935638049404813,-0.043282376592583556,10.01225438944885
18740.0,-0.07267097087502988,0.0007519410838737334,9.930860991686487
18760.0,-0.06659697084418303,0.024646241082805977,9.642625636513504
18780.0,-0.06465761646586281,0.020515855191449744,9.576158899061195
18800.0,-0.037872049463597415,0.03786886277003043,9.469126190535524
18820.0,-0.09963364428191042,-0.00443532517557127,9.313769593125114
18840.0,-0.061540997029604555,-0.0034849677438891224,9.21490673760182
18860.0,-0.11575660911193746,0.13274838521351334,9.169789326170022
18880.0,-0.12554477135593714,0.1122635382911264,9.033195637006239
18900.0,-0.0725958812569227,0.007916249872551406,9.029869676893203
18920.0,-0.12155034372363312,0.003342744531920794,8.936380363426684
18940.0,-0.09461376651048968,0.0023363442888463364,8.934623089582848
18960.0,-0.11934302697186726,0.019903666915677378,8.922198832387846
18980.0,-0.09344242337224087,-0.03855632083892591,8.923936578064701
19000.0,-0.06235068984598001,0.029842432180547225,8.9835788500973
19020.0,-0.03589712451958404,0.050385103909406884,9.020251264950737
19040.0,-0.03995140749790001,-0.04325479098302787,9.036630865138939
19060.0,-0.05801589767898223,-0.08966476636435403,9.181038366803556
19080.0,-0.03317672729603437,-0.06466965810439515,9.297573643780051
19100.0,0.019143016545160603,-0.0664518457425873,9.349621864917731
19120.0,0.044931902774573935,-0.019501837901153687,9.440252380502603
19140.0,0.010383485498242688,-0.022385862841691924,9.65417005763627
19160.0,0.06885958042990217,0.002710666571852722,9.781913777235758
19180.0,0.05407306323083477,-0.009205690489284997,9.887831289679632
19200.0,0.06613889272825782,0.03347249078467286,9.964475846792848
19220.0,0.0637221746250726,0.053829447650048684,10.149038350436776
19240.0,0.07939312568514245,0.08143628051705218,10.24154366541847
19260.0,0.03945032994700365,0.05885544530368289,10.415744369605063
19280.0,0.1617073471922566,0.09868771101847498,10.434087011067078
19300.0,0.09839168308580953,0.07412975111540633,10.572760822044144
19320.0,0.12686400620783111,0.021004231323661846,10.6326400634231
19340.0,0.12171249763695072,0.06515935388340396,10.647293339118496
19360.0,0.09150500615123516,-0.07848612401420892,10.679149010602783
19380.0,0.07946424384912816,-0.04110898778387179,10.711806950634672
19400.0,0.08787379894828344,-0.10557745350851588,10.698251304581378
19420.0,0.04731479804332607,-0.02819466444126358,10.61047668863307
19440.0,0.06901930406470957,-0.06971362125312631,10.61132066976472
19460.0,0.05895375169814761,-0.07794431493500165,10.474290755392245
19480.0,-0.011731647664811745,-0.09243035805090243,10.438745176881422
19500.0,0.003156043131904245,-0.046593651602969716,10.325883994890814
19520.0,-0.025411443729740343,-0.06850979630621475,10.228176968830423
19540.0,0.0034644134988814964,0.021972288185745946,10.072087421926383
19560.0,-0.02656940698020385,-0.009899952329888929,9.963350949505744
19580.0,-0.05706572809612526,-0.05784159208098896,9.811387876332128
19600.0,-0.09177260367098466,-0.04252556196346113,9.666001330333646
19620.0,-0.10426016326083051,0.05824510244246671,9.582031472343905
19640.0,-0.11113210657388228,0.04519809734328953,9.368673483932112
19660.0,-0.10687831877636507,0.07986173095328719,9.343767914075665
19680.0,-0.12258008528953829,0.10835493447590386,9.1541901020562
19700.0,-0.1471217159357015,0.09556284734979147,9.171677324501507
19720.0,-0.08966786725207039,0.06211298477462734,8.958044578297443
19740.0,-0.17877975852913897,0.05512013161687231,8.961548320413996
19760.0,-0.1453033781823156,0.0353833902937998,8.936211038239568
19780.0,-0.06973019799008295,0.01738274015166269,8.953123554662847
19800.0,-0.09635771369976813,-0.013060717634887057,8.945676870933207
19820.0,-0.12254235273718678,0.06867061903280007,8.940242700524461
19840.0,-0.06462328327021179,-0.02957449536622348,9.031453728425651
19860.0,-0.03810068753585876,-0.11791887851108052,9.07260608426429
19880.0,-0.06416166404587886,-0.06620705722047998,9.054216522050906
19900.0,-0.01901960476670773,-0.09465602459919978,9.194063541993959
19920.0,-0.0317368503271853,0.00010376420387891994,9.365487056291018
19940.0,-0.004027500125378509,-0.0543735472159272,9.400175306191922
19960.0,0.0493210424083565,-0.052355559798793146,9.52456577196808
19980.0,0.06088702708482001,-0.040227462209628764,9.670125543585621
