timestamp,accX,accY,accZ,gyroX,gyroY,gyroZ
0.0,0.010665,-0.036399,9.832916,0.0,0.0,0.0
20.0,0.03292,-0.068286,9.761074,0.0,0.0,0.0
40.0,0.004474,-0.011068,9.806062,0.0,0.0,0.0
60.0,-0.029857,0.030779,9.833873,0.0,0.0,0.0
80.0,0.002311,0.039453,9.823013,0.0,0.0,0.0
100.0,-0.030075,0.012906,9.773089,0.0,0.0,0.0
120.0,0.030746,-0.001747,9.80018,0.0,0.0,0.0
140.0,-0.023833,0.042789,9.801241,0.0,0.0,0.0
160.0,-0.014991,-0.012325,9.825281,0.0,0.0,0.0
180.0,0.012791,0.014446,9.821729,0.0,0.0,0.0
200.0,0.074958,-0.014225,9.788722,0.0,0.0,0.0
220.0,-0.028482,0.021559,9.846164,0.0,0.0,0.0
240.0,-0.003988,-0.029405,9.777793,0.0,0.0,0.0
260.0,0.022771,0.026014,9.82566,0.0,0.0,0.0
280.0,-0.023293,0.008126,9.810734,0.0,0.0,0.0
300.0,0.007654,0.0305,9.814476,0.0,0.0,0.0
320.0,0.023762,0.002365,9.816769,0.0,0.0,0.0
340.0,0.022095,-0.051,9.795462,0.0,0.0,0.0
360.0,-0.016463,-0.022361,9.79702,0.0,0.0,0.0
380.0,0.052323,-0.030304,9.84054,0.0,0.0,0.0
400.0,-0.0589,-0.011721,9.812346,0.0,0.0,0.0
420.0,0.020518,0.024893,9.834417,0.0,0.0,0.0
440.0,-0.012205,-0.016182,9.836679,0.0,0.0,0.0
460.0,-0.006696,-0.044649,9.766985,0.0,0.0,0.0
480.0,-0.032181,0.017401,9.811635,0.0,0.0,0.0
500.0,0.024167,-0.014954,9.812199,0.0,0.0,0.0
520.0,0.021896,-0.010827,9.822637,0.0,0.0,0.0
540.0,-0.023167,-0.012707,9.793289,0.0,0.0,0.0
560.0,-0.041854,0.017044,9.790221,0.0,0.0,0.0
580.0,0.000437,0.016826,9.822279,0.0,0.0,0.0
600.0,0.023288,-0.003447,9.791835,0.0,0.0,0.0
620.0,-0.00279,-0.059057,9.756001,0.0,0.0,0.0
640.0,-0.046294,-0.034904,9.820642,0.0,0.0,0.0
660.0,-0.031692,-0.013236,9.852123,0.0,0.0,0.0
680.0,-0.012469,0.025813,9.773973,0.0,0.0,0.0
700.0,-0.00719,-0.033251,9.794784,0.0,0.0,0.0
720.0,0.029411,-0.060456,9.821855,0.0,0.0,0.0
740.0,0.008321,-0.020795,9.756038,0.0,0.0,0.0
760.0,0.002525,-0.018532,9.814794,0.0,0.0,0.0
780.0,0.000765,0.056062,9.798273,0.0,0.0,0.0
800.0,-0.035822,0.006275,9.81435,0.0,0.0,0.0
820.0,0.047572,0.029229,9.81914,0.0,0.0,0.0
840.0,0.051216,-0.041607,9.784259,0.0,0.0,0.0
860.0,-0.03243,-0.013643,9.758466,0.0,0.0,0.0
880.0,0.02223,-0.007778,9.755172,0.0,0.0,0.0
900.0,-0.035545,0.010973,9.835984,0.0,0.0,0.0
920.0,0.069886,0.101985,9.821154,0.0,0.0,0.0
940.0,-0.034634,-0.074622,9.81602,0.0,0.0,0.0
960.0,-0.028453,-0.014538,9.785227,0.0,0.0,0.0
980.0,-0.004928,0.037309,9.812147,0.0,0.0,0.0
1000.0,-0.005552,-0.036248,9.748036,0.0,0.0,0.0
1020.0,-0.017021,-0.001882,9.868528,0.0,0.0,0.0
1040.0,0.00456,0.034396,9.789175,0.0,0.0,0.0
1060.0,-0.041473,-0.033779,9.781267,0.0,0.0,0.0
1080.0,0.074496,-0.028749,9.835997,0.0,0.0,0.0
1100.0,-0.031602,0.032605,9.820123,0.0,0.0,0.0
1120.0,-0.005482,-0.001427,9.783732,0.0,0.0,0.0
1140.0,0.015613,-0.015924,9.763754,0.0,0.0,0.0
1160.0,-0.044728,0.006041,9.861918,0.0,0.0,0.0
1180.0,0.0056,-0.004152,9.816654,0.0,0.0,0.0
1200.0,0.04571,0.007678,9.792268,0.0,0.0,0.0
1220.0,0.03872,0.015006,9.860401,0.0,0.0,0.0
1240.0,0.006413,-0.042856,9.758764,0.0,0.0,0.0
1260.0,0.057782,0.060328,9.800367,0.0,0.0,0.0
1280.0,-0.013412,0.051151,9.767903,0.0,0.0,0.0
1300.0,-0.031315,0.022516,9.792839,0.0,0.0,0.0
1320.0,-0.000179,-0.005721,9.818465,0.0,0.0,0.0
1340.0,0.049262,0.00317,9.829188,0.0,0.0,0.0
1360.0,-0.071756,-0.001705,9.777137,0.0,0.0,0.0
1380.0,-0.042658,-0.030735,9.794956,0.0,0.0,0.0
1400.0,0.032057,-0.046424,9.807722,0.0,0.0,0.0
1420.0,-0.016946,-0.011469,9.841747,0.0,0.0,0.0
1440.0,0.018834,0.046809,9.801242,0.0,0.0,0.0
1460.0,-0.024358,-0.007835,9.815137,0.0,0.0,0.0
1480.0,0.00618,-0.037954,9.809817,0.0,0.0,0.0
1500.0,0.007988,0.088112,9.87234,0.0,0.0,0.0
1520.0,-0.029864,-0.010058,9.75543,0.0,0.0,0.0
1540.0,-0.020675,0.011046,9.848855,0.0,0.0,0.0
1560.0,-0.025518,-0.022895,9.731495,0.0,0.0,0.0
1580.0,-0.005693,-0.037185,9.78812,0.0,0.0,0.0
1600.0,-0.03069,-0.003299,9.74513,0.0,0.0,0.0
1620.0,-0.051347,0.074524,9.76159,0.0,0.0,0.0
1640.0,-0.038387,0.064292,9.908327,0.0,0.0,0.0
1660.0,-0.041005,-0.012889,9.818604,0.0,0.0,0.0
1680.0,0.060504,-0.03454,9.798065,0.0,0.0,0.0
1700.0,0.027207,0.015217,9.793485,0.0,0.0,0.0
1720.0,-0.004684,-0.048121,9.798314,0.0,0.0,0.0
1740.0,-0.009324,0.008126,9.787214,0.0,0.0,0.0
1760.0,0.016504,0.035445,9.81209,0.0,0.0,0.0
1780.0,0.012311,0.00186,9.806653,0.0,0.0,0.0
1800.0,-0.025255,0.011077,9.803245,0.0,0.0,0.0
1820.0,0.073261,0.055067,9.820155,0.0,0.0,0.0
1840.0,-0.026707,-0.038934,9.84834,0.0,0.0,0.0
1860.0,0.009196,0.016805,9.745589,0.0,0.0,0.0
1880.0,0.03246,0.015905,9.767785,0.0,0.0,0.0
1900.0,-0.016503,0.00923,9.808486,0.0,0.0,0.0
1920.0,-0.010226,-0.003622,9.797831,0.0,0.0,0.0
1940.0,0.00534,0.051502,9.716817,0.0,0.0,0.0
1960.0,-0.00829,0.006178,9.81701,0.0,0.0,0.0
1980.0,-0.013017,-0.061485,9.81813,0.0,0.0,0.0
2000.0,0.060457,-0.053685,9.836884,0.0,0.0,0.0
2020.0,-0.011498,-0.002146,9.769799,0.0,0.0,0.0
2040.0,-0.011706,0.045502,9.827043,0.0,0.0,0.0
2060.0,0.060631,0.041209,9.822018,0.0,0.0,0.0
2080.0,0.061038,0.015365,9.83563,0.0,0.0,0.0
2100.0,-0.01038,0.002329,9.78224,0.0,0.0,0.0
2120.0,0.034635,-0.041241,9.834032,0.0,0.0,0.0
2140.0,-0.006673,0.040994,9.83293,0.0,0.0,0.0
2160.0,0.063723,0.025577,9.751629,0.0,0.0,0.0
2180.0,-0.002343,-0.04102,9.78851,0.0,0.0,0.0
2200.0,0.052893,0.022314,9.782187,0.0,0.0,0.0
2220.0,-0.03548,0.001147,9.76407,0.0,0.0,0.0
2240.0,-0.02349,0.01092,9.847086,0.0,0.0,0.0
2260.0,0.021307,-0.080195,9.817303,0.0,0.0,0.0
2280.0,0.002521,0.014486,9.863217,0.0,0.0,0.0
2300.0,-0.072213,-0.020689,9.827332,0.0,0.0,0.0
2320.0,-0.055356,0.051658,9.819542,0.0,0.0,0.0
2340.0,0.02963,-0.019983,9.835132,0.0,0.0,0.0
2360.0,0.037397,0.008151,9.814854,0.0,0.0,0.0
2380.0,0.009462,-0.030217,9.801486,0.0,0.0,0.0
2400.0,-0.005338,0.013419,9.841644,0.0,0.0,0.0
2420.0,-0.037049,-0.004375,9.858501,0.0,0.0,0.0
2440.0,-0.026026,-0.028779,9.813731,0.0,0.0,0.0
2460.0,0.029553,0.0004,9.853164,0.0,0.0,0.0
2480.0,0.029988,0.029464,9.826044,0.0,0.0,0.0
2500.0,0.081468,-0.007181,9.736527,0.0,0.0,0.0
2520.0,0.056149,-0.016019,9.810426,0.0,0.0,0.0
2540.0,0.045834,-0.056079,9.762842,0.0,0.0,0.0
2560.0,-0.056045,-0.027795,9.822037,0.0,0.0,0.0
2580.0,0.018347,0.00967,9.757203,0.0,0.0,0.0
2600.0,-0.080854,0.001902,9.790138,0.0,0.0,0.0
2620.0,0.016079,0.024568,9.811488,0.0,0.0,0.0
2640.0,0.026605,0.008022,9.825202,0.0,0.0,0.0
2660.0,-0.024664,-0.006286,9.813537,0.0,0.0,0.0
2680.0,0.028718,-0.013781,9.824891,0.0,0.0,0.0
2700.0,-0.009304,-0.004114,9.835683,0.0,0.0,0.0
2720.0,-0.069757,-0.045377,9.754774,0.0,0.0,0.0
2740.0,-0.081677,-0.023739,9.83288,0.0,0.0,0.0
2760.0,-0.009971,0.006923,9.844773,0.0,0.0,0.0
2780.0,0.046469,-0.00242,9.854026,0.0,0.0,0.0
2800.0,0.003224,-0.029309,9.785846,0.0,0.0,0.0
2820.0,-0.051819,-0.031085,9.794119,0.0,0.0,0.0
2840.0,0.028125,0.060227,9.758274,0.0,0.0,0.0
2860.0,0.013749,-0.036419,9.823264,0.0,0.0,0.0
2880.0,-0.004588,-0.064082,9.83914,0.0,0.0,0.0
2900.0,-0.021175,-0.018687,9.769209,0.0,0.0,0.0
2920.0,-0.0229,0.014976,9.800026,0.0,0.0,0.0
2940.0,0.011503,0.012667,9.852873,0.0,0.0,0.0
2960.0,-0.011998,-0.05169,9.844003,0.0,0.0,0.0
2980.0,-0.011602,0.039011,9.820068,0.0,0.0,0.0
3000.0,0.107563,0.012207,9.874935,0.0,0.0,0.0
3020.0,0.274622,0.133861,10.695756,0.0,0.0,0.0
3040.0,0.301011,0.162023,11.461221,0.0,0.0,0.0
3060.0,0.286866,0.158925,11.949067,0.0,0.0,0.0
3080.0,0.216149,-0.04849,12.162806,0.0,0.0,0.0
3100.0,0.201572,-0.123116,12.156989,0.0,0.0,0.0
3120.0,0.171612,-0.222272,11.668052,0.0,0.0,0.0
3140.0,0.015265,-0.172064,10.969345,0.0,0.0,0.0
3160.0,-0.056351,-0.059623,10.144685,0.0,0.0,0.0
3180.0,-0.214566,0.092719,9.300713,0.0,0.0,0.0
3200.0,-0.238845,0.232765,8.399169,0.0,0.0,0.0
3220.0,-0.263738,0.171739,7.774299,0.0,0.0,0.0
3240.0,-0.308864,0.08574,7.419357,0.0,0.0,0.0
3260.0,-0.216256,-0.032695,7.461989,0.0,0.0,0.0
3280.0,-0.173896,-0.157838,7.769459,0.0,0.0,0.0
3300.0,-0.032442,-0.246702,8.384219,0.0,0.0,0.0
3320.0,-0.027018,-0.144824,9.257529,0.0,0.0,0.0
3340.0,0.175846,0.022567,10.054862,0.0,0.0,0.0
3360.0,0.122314,0.143089,11.047573,0.0,0.0,0.0
3380.0,0.2911,0.169014,11.67216,0.0,0.0,0.0
3400.0,0.232306,0.102448,12.092667,0.0,0.0,0.0
3420.0,0.254686,0.003614,12.213977,0.0,0.0,0.0
3440.0,0.215659,-0.172032,12.009658,0.0,0.0,0.0
3460.0,0.156844,-0.225576,11.418494,0.0,0.0,0.0
3480.0,0.040126,-0.13813,10.739283,0.0,0.0,0.0
3500.0,-0.127641,0.050927,9.811252,0.0,0.0,0.0
3520.0,-0.19289,0.186198,8.910489,0.0,0.0,0.0
3540.0,-0.296282,0.175921,8.179569,0.0,0.0,0.0
3560.0,-0.342573,0.17025,7.616208,0.0,0.0,0.0
3580.0,-0.231611,-0.059735,7.383856,0.0,0.0,0.0
3600.0,-0.276652,-0.141773,7.532783,0.0,0.0,0.0
3620.0,-0.139175,-0.197467,7.951847,0.0,0.0,0.0
3640.0,-0.022394,-0.19741,8.675181,0.0,0.0,0.0
3660.0,0.101215,-0.034272,9.525329,0.0,0.0,0.0
3680.0,0.184972,0.163724,10.400457,0.0,0.0,0.0
3700.0,0.235905,0.156229,11.181205,0.0,0.0,0.0
3720.0,0.240509,0.142619,11.830563,0.0,0.0,0.0
3740.0,0.293283,0.07247,12.137346,0.0,0.0,0.0
3760.0,0.271058,-0.0448,12.158552,0.0,0.0,0.0
3780.0,0.141025,-0.154532,11.839616,0.0,0.0,0.0
3800.0,0.014501,-0.184982,11.226506,0.0,0.0,0.0
3820.0,-0.074149,-0.085852,10.352587,0.0,0.0,0.0
3840.0,-0.097748,0.091427,9.497012,0.0,0.0,0.0
3860.0,-0.213352,0.077764,8.609969,0.0,0.0,0.0
3880.0,-0.286162,0.151074,7.982422,0.0,0.0,0.0
3900.0,-0.217034,0.071673,7.494803,0.0,0.0,0.0
3920.0,-0.249459,0.032325,7.368603,0.0,0.0,0.0
3940.0,-0.183551,-0.084193,7.577254,0.0,0.0,0.0
3960.0,-0.144669,-0.206447,8.145516,0.0,0.0,0.0
3980.0,0.035067,-0.122975,8.861027,0.0,0.0,0.0
4000.0,0.130192,-0.020214,9.851256,0.0,0.0,0.0
4020.0,0.179962,0.109152,10.709089,0.0,0.0,0.0
4040.0,0.290045,0.207305,11.390567,0.0,0.0,0.0
4060.0,0.306603,0.111738,11.98647,0.0,0.0,0.0
4080.0,0.221954,0.039685,12.173683,0.0,0.0,0.0
4100.0,0.172733,-0.087871,12.097643,0.0,0.0,0.0
4120.0,0.111413,-0.137808,11.640459,0.0,0.0,0.0
4140.0,0.030636,-0.152699,10.941171,0.0,0.0,0.0
4160.0,-0.061532,-0.066419,10.093042,0.0,0.0,0.0
4180.0,-0.126905,0.056076,9.125347,0.0,0.0,0.0
4200.0,-0.19027,0.271829,8.381781,0.0,0.0,0.0
4220.0,-0.351855,0.16286,7.770245,0.0,0.0,0.0
4240.0,-0.28823,0.031711,7.469445,0.0,0.0,0.0
4260.0,-0.221194,-0.122984,7.473632,0.0,0.0,0.0
4280.0,-0.092033,-0.167708,7.768457,0.0,0.0,0.0
4300.0,-0.070156,-0.161069,8.335392,0.0,0.0,0.0
4320.0,0.048414,-0.106163,9.274468,0.0,0.0,0.0
4340.0,0.138419,0.106125,10.068819,0.0,0.0,0.0
4360.0,0.246627,0.17329,10.932442,0.0,0.0,0.0
4380.0,0.282088,0.231037,11.644549,0.0,0.0,0.0
4400.0,0.227721,0.11224,12.057601,0.0,0.0,0.0
4420.0,0.245718,-0.02692,12.142216,0.0,0.0,0.0
4440.0,0.135719,-0.131066,11.95994,0.0,0.0,0.0
4460.0,0.010065,-0.164152,11.459096,0.0,0.0,0.0
4480.0,-0.031612,-0.177522,10.719402,0.0,0.0,0.0
4500.0,-0.099925,0.083391,9.821357,0.0,0.0,0.0
4520.0,-0.188358,0.125591,8.951738,0.0,0.0,0.0
4540.0,-0.241464,0.235432,8.145491,0.0,0.0,0.0
4560.0,-0.303011,0.13117,7.662743,0.0,0.0,0.0
4580.0,-0.219341,0.008005,7.396519,0.0,0.0,0.0
4600.0,-0.206633,-0.121456,7.557436,0.0,0.0,0.0
4620.0,-0.211714,-0.217534,7.930034,0.0,0.0,0.0
4640.0,-0.110725,-0.195838,8.618411,0.0,0.0,0.0
4660.0,0.070983,-0.008795,9.497273,0.0,0.0,0.0
4680.0,0.138519,0.090503,10.440227,0.0,0.0,0.0
4700.0,0.212494,0.150733,11.236884,0.0,0.0,0.0
4720.0,0.276312,0.196389,11.832559,0.0,0.0,0.0
4740.0,0.30614,0.034452,12.163716,0.0,0.0,0.0
4760.0,0.232178,-0.113236,12.109418,0.0,0.0,0.0
4780.0,0.187878,-0.18601,11.797257,0.0,0.0,0.0
4800.0,0.06182,-0.143122,11.137509,0.0,0.0,0.0
4820.0,-0.095042,-0.124798,10.454647,0.0,0.0,0.0
4840.0,-0.134624,0.074605,9.465945,0.0,0.0,0.0
4860.0,-0.265256,0.177784,8.652481,0.0,0.0,0.0
4880.0,-0.256673,0.182031,7.967153,0.0,0.0,0.0
4900.0,-0.281405,0.140077,7.55236,0.0,0.0,0.0
4920.0,-0.314396,-0.102718,7.446447,0.0,0.0,0.0
4940.0,-0.150697,-0.18366,7.569971,0.0,0.0,0.0
4960.0,-0.096365,-0.159042,8.226653,0.0,0.0,0.0
4980.0,0.024696,-0.144443,8.891892,0.0,0.0,0.0
5000.0,0.112553,-0.010474,9.771123,0.0,0.0,0.0
5020.0,0.273634,0.193914,10.729911,0.0,0.0,0.0
5040.0,0.231113,0.221547,11.47195,0.0,0.0,0.0
5060.0,0.303261,0.191677,12.000473,0.0,0.0,0.0
5080.0,0.297685,0.046356,12.213842,0.0,0.0,0.0
5100.0,0.155199,-0.109928,12.069719,0.0,0.0,0.0
5120.0,0.088108,-0.129736,11.716397,0.0,0.0,0.0
5140.0,0.077085,-0.153178,11.010131,0.0,0.0,0.0
5160.0,-0.0776,-0.040651,10.069178,0.0,0.0,0.0
5180.0,-0.160703,0.09461,9.164201,0.0,0.0,0.0
5200.0,-0.248444,0.179812,8.45888,0.0,0.0,0.0
5220.0,-0.252768,0.174127,7.788971,0.0,0.0,0.0
5240.0,-0.280035,0.063578,7.411276,0.0,0.0,0.0
5260.0,-0.244839,-0.096793,7.4054,0.0,0.0,0.0
5280.0,-0.145984,-0.160033,7.717728,0.0,0.0,0.0
5300.0,-0.06948,-0.147753,8.433038,0.0,0.0,0.0
5320.0,0.078564,-0.091135,9.180218,0.0,0.0,0.0
5340.0,0.106585,0.05981,10.120725,0.0,0.0,0.0
5360.0,0.271129,0.20061,10.958231,0.0,0.0,0.0
5380.0,0.232332,0.17743,11.663485,0.0,0.0,0.0
5400.0,0.279867,0.092628,12.098037,0.0,0.0,0.0
5420.0,0.240061,-0.046046,12.212815,0.0,0.0,0.0
5440.0,0.178198,-0.139395,11.987797,0.0,0.0,0.0
5460.0,0.059951,-0.208465,11.499885,0.0,0.0,0.0
5480.0,-0.047299,-0.205516,10.624984,0.0,0.0,0.0
5500.0,-0.111134,0.001082,9.802534,0.0,0.0,0.0
5520.0,-0.159431,0.037884,8.937009,0.0,0.0,0.0
5540.0,-0.208692,0.152149,8.150444,0.0,0.0,0.0
5560.0,-0.314123,0.116636,7.623646,0.0,0.0,0.0
5580.0,-0.221822,0.088373,7.399628,0.0,0.0,0.0
5600.0,-0.150948,-0.11161,7.585494,0.0,0.0,0.0
5620.0,-0.136167,-0.184012,7.97021,0.0,0.0,0.0
5640.0,0.081747,-0.132316,8.625687,0.0,0.0,0.0
5660.0,0.111936,-0.060413,9.488709,0.0,0.0,0.0
5680.0,0.206399,0.093585,10.413256,0.0,0.0,0.0
5700.0,0.247142,0.194383,11.232208,0.0,0.0,0.0
5720.0,0.216272,0.197057,11.798666,0.0,0.0,0.0
5740.0,0.231102,0.068636,12.167079,0.0,0.0,0.0
5760.0,0.215279,-0.041594,12.117163,0.0,0.0,0.0
5780.0,0.149634,-0.194197,11.831406,0.0,0.0,0.0
5800.0,0.074946,-0.217879,11.242684,0.0,0.0,0.0
5820.0,-0.040455,-0.158715,10.334955,0.0,0.0,0.0
5840.0,-0.144946,0.040015,9.502231,0.0,0.0,0.0
5860.0,-0.227052,0.170006,8.683609,0.0,0.0,0.0
5880.0,-0.314768,0.14758,7.919152,0.0,0.0,0.0
5900.0,-0.276827,0.156428,7.509017,0.0,0.0,0.0
5920.0,-0.34526,-0.083704,7.38223,0.0,0.0,0.0
5940.0,-0.211788,-0.162232,7.636415,0.0,0.0,0.0
5960.0,-0.110742,-0.154894,8.140076,0.0,0.0,0.0
5980.0,-0.023555,-0.114672,8.869404,0.0,0.0,0.0
6000.0,0.125792,0.003589,9.80149,0.0,0.0,0.0
6020.0,0.257517,0.109656,10.762259,0.0,0.0,0.0
6040.0,0.255452,0.146926,11.45201,0.0,0.0,0.0
6060.0,0.250103,0.121627,11.992131,0.0,0.0,0.0
6080.0,0.29123,0.002288,12.236473,0.0,0.0,0.0
6100.0,0.258138,-0.062584,12.107715,0.0,0.0,0.0
6120.0,0.180622,-0.254427,11.644755,0.0,0.0,0.0
6140.0,-0.000832,-0.157938,10.942858,0.0,0.0,0.0
6160.0,-0.083837,0.018128,10.10151,0.0,0.0,0.0
6180.0,-0.160115,0.084367,9.212444,0.0,0.0,0.0
6200.0,-0.246442,0.198294,8.436751,0.0,0.0,0.0
6220.0,-0.226407,0.184563,7.800897,0.0,0.0,0.0
6240.0,-0.321863,0.067604,7.482071,0.0,0.0,0.0
6260.0,-0.209243,-0.063274,7.480184,0.0,0.0,0.0
6280.0,-0.1467,-0.131716,7.790391,0.0,0.0,0.0
6300.0,-0.077635,-0.170848,8.293395,0.0,0.0,0.0
6320.0,0.056061,-0.220191,9.149473,0.0,0.0,0.0
6340.0,0.160327,0.064462,10.066765,0.0,0.0,0.0
6360.0,0.201149,0.21008,10.945918,0.0,0.0,0.0
6380.0,0.354382,0.188532,11.670163,0.0,0.0,0.0
6400.0,0.34353,0.117441,12.054104,0.0,0.0,0.0
6420.0,0.25386,-0.02531,12.154148,0.0,0.0,0.0
6440.0,0.183313,-0.173915,12.010587,0.0,0.0,0.0
6460.0,0.101043,-0.201519,11.445847,0.0,0.0,0.0
6480.0,0.001183,-0.109845,10.655159,0.0,0.0,0.0
6500.0,-0.148608,0.038664,9.792218,0.0,0.0,0.0
6520.0,-0.251517,0.146966,8.939369,0.0,0.0,0.0
6540.0,-0.316917,0.199653,8.189482,0.0,0.0,0.0
6560.0,-0.274668,0.170058,7.585916,0.0,0.0,0.0
6580.0,-0.260198,0.013472,7.394488,0.0,0.0,0.0
6600.0,-0.187156,-0.06108,7.586917,0.0,0.0,0.0
6620.0,-0.086884,-0.19244,7.969763,0.0,0.0,0.0
6640.0,-0.002674,-0.15787,8.655018,0.0,0.0,0.0
6660.0,0.106853,-0.049823,9.480325,0.0,0.0,0.0
6680.0,0.160091,0.114684,10.40361,0.0,0.0,0.0
6700.0,0.25856,0.206056,11.204215,0.0,0.0,0.0
6720.0,0.310534,0.186986,11.789819,0.0,0.0,0.0
6740.0,0.332063,0.053154,12.106211,0.0,0.0,0.0
6760.0,0.202975,-0.106416,12.165965,0.0,0.0,0.0
6780.0,0.154292,-0.185516,11.854727,0.0,0.0,0.0
6800.0,0.077082,-0.171541,11.231679,0.0,0.0,0.0
6820.0,-0.021095,-0.166275,10.39075,0.0,0.0,0.0
6840.0,-0.220822,0.049011,9.505688,0.0,0.0,0.0
6860.0,-0.189479,0.203678,8.657538,0.0,0.0,0.0
6880.0,-0.293392,0.20558,7.938941,0.0,0.0,0.0
6900.0,-0.286988,0.14737,7.504592,0.0,0.0,0.0
6920.0,-0.229501,-0.000355,7.377968,0.0,0.0,0.0
6940.0,-0.158181,-0.123489,7.638632,0.0,0.0,0.0
6960.0,-0.126512,-0.221693,8.144919,0.0,0.0,0.0
6980.0,0.025617,-0.16488,8.938464,0.0,0.0,0.0
7000.0,0.068691,-0.007142,9.810488,0.0,0.0,0.0
7020.0,0.287507,0.083227,10.741669,0.0,0.0,0.0
7040.0,0.268587,0.206012,11.453705,0.0,0.0,0.0
7060.0,0.303337,0.14256,12.029127,0.0,0.0,0.0
7080.0,0.255808,0.063692,12.179361,0.0,0.0,0.0
7100.0,0.215517,-0.150373,12.105111,0.0,0.0,0.0
7120.0,0.183481,-0.191307,11.648991,0.0,0.0,0.0
7140.0,-0.009499,-0.170136,10.907111,0.0,0.0,0.0
7160.0,-0.109972,-0.039811,10.153615,0.0,0.0,0.0
7180.0,-0.076275,0.071966,9.26003,0.0,0.0,0.0
7200.0,-0.238121,0.177309,8.411106,0.0,0.0,0.0
7220.0,-0.281898,0.177591,7.765971,0.0,0.0,0.0
7240.0,-0.330516,0.016653,7.472024,0.0,0.0,0.0
7260.0,-0.249236,-0.091543,7.449458,0.0,0.0,0.0
7280.0,-0.136054,-0.167414,7.757301,0.0,0.0,0.0
7300.0,-0.022266,-0.127331,8.413275,0.0,0.0,0.0
7320.0,0.076738,-0.049028,9.249348,0.0,0.0,0.0
7340.0,0.166008,0.068691,10.125638,0.0,0.0,0.0
7360.0,0.187666,0.186636,10.915405,0.0,0.0,0.0
7380.0,0.248068,0.234224,11.685289,0.0,0.0,0.0
7400.0,0.338999,0.103346,12.048857,0.0,0.0,0.0
7420.0,0.249285,-0.020493,12.204679,0.0,0.0,0.0
7440.0,0.231946,-0.160583,11.990556,0.0,0.0,0.0
7460.0,0.065229,-0.17586,11.449672,0.0,0.0,0.0
7480.0,-0.032869,-0.139687,10.683703,0.0,0.0,0.0
7500.0,-0.121608,0.061997,9.803204,0.0,0.0,0.0
7520.0,-0.210464,0.058022,8.891854,0.0,0.0,0.0
7540.0,-0.27255,0.167616,8.212097,0.0,0.0,0.0
7560.0,-0.293544,0.193034,7.637225,0.0,0.0,0.0
7580.0,-0.270481,0.020956,7.411519,0.0,0.0,0.0
7600.0,-0.157468,-0.194041,7.45406,0.0,0.0,0.0
7620.0,-0.151913,-0.188091,7.981572,0.0,0.0,0.0
7640.0,-0.012955,-0.17556,8.686108,0.0,0.0,0.0
7660.0,0.114078,-0.041306,9.539543,0.0,0.0,0.0
7680.0,0.18414,0.072845,10.427929,0.0,0.0,0.0
7700.0,0.250524,0.18265,11.268888,0.0,0.0,0.0
7720.0,0.198285,0.124108,11.79149,0.0,0.0,0.0
7740.0,0.268868,0.061769,12.111383,0.0,0.0,0.0
7760.0,0.205071,-0.100809,12.250149,0.0,0.0,0.0
7780.0,0.226938,-0.188138,11.820312,0.0,0.0,0.0
7800.0,0.024964,-0.249387,11.213244,0.0,0.0,0.0
7820.0,-0.077585,-0.095466,10.347499,0.0,0.0,0.0
7840.0,-0.171184,0.05295,9.518668,0.0,0.0,0.0
7860.0,-0.211461,0.115894,8.680355,0.0,0.0,0.0
7880.0,-0.303887,0.210749,7.957046,0.0,0.0,0.0
7900.0,-0.335113,0.101788,7.536902,0.0,0.0,0.0
7920.0,-0.236246,-0.028999,7.464998,0.0,0.0,0.0
7940.0,-0.157004,-0.156921,7.661319,0.0,0.0,0.0
7960.0,-0.032148,-0.123004,8.120757,0.0,0.0,0.0
7980.0,-0.025803,-0.079461,8.886111,0.0,0.0,0.0
8000.0,0.065864,-0.017017,9.821358,0.0,0.0,0.0
8020.0,0.198344,0.108663,10.666551,0.0,0.0,0.0
8040.0,0.238411,0.160838,11.52942,0.0,0.0,0.0
8060.0,0.298185,0.178975,11.961117,0.0,0.0,0.0
8080.0,0.265276,-0.00091,12.109104,0.0,0.0,0.0
8100.0,0.169395,-0.176226,12.010443,0.0,0.0,0.0
8120.0,0.091064,-0.142226,11.654327,0.0,0.0,0.0
8140.0,0.074682,-0.147727,10.990248,0.0,0.0,0.0
8160.0,-0.109553,-0.02941,10.132955,0.0,0.0,0.0
8180.0,-0.194781,0.112081,9.229611,0.0,0.0,0.0
8200.0,-0.265887,0.143306,8.354521,0.0,0.0,0.0
8220.0,-0.281038,0.185172,7.752525,0.0,0.0,0.0
8240.0,-0.280652,0.090649,7.470797,0.0,0.0,0.0
8260.0,-0.185236,-0.025986,7.414115,0.0,0.0,0.0
8280.0,-0.104951,-0.192311,7.816834,0.0,0.0,0.0
8300.0,-0.062806,-0.197028,8.332696,0.0,0.0,0.0
8320.0,0.036655,-0.147075,9.24365,0.0,0.0,0.0
8340.0,0.197602,0.019857,10.118019,0.0,0.0,0.0
8360.0,0.200684,0.140114,10.989966,0.0,0.0,0.0
8380.0,0.27453,0.249487,11.639004,0.0,0.0,0.0
8400.0,0.321916,0.116264,12.117038,0.0,0.0,0.0
8420.0,0.242049,-0.025799,12.197872,0.0,0.0,0.0
8440.0,0.163005,-0.124766,12.000994,0.0,0.0,0.0
8460.0,0.120606,-0.137827,11.50029,0.0,0.0,0.0
8480.0,-0.019749,-0.118376,10.668323,0.0,0.0,0.0
8500.0,-0.111335,-0.020991,9.863352,0.0,0.0,0.0
8520.0,-0.189198,0.123802,8.964928,0.0,0.0,0.0
8540.0,-0.339314,0.121128,8.191591,0.0,0.0,0.0
8560.0,-0.285655,0.156704,7.588641,0.0,0.0,0.0
8580.0,-0.272597,0.094187,7.440233,0.0,0.0,0.0
8600.0,-0.211686,-0.128222,7.510304,0.0,0.0,0.0
8620.0,-0.207424,-0.179582,7.98701,0.0,0.0,0.0
8640.0,-0.084659,-0.185261,8.60993,0.0,0.0,0.0
8660.0,0.044234,-0.045877,9.432896,0.0,0.0,0.0
8680.0,0.196097,0.118882,10.394717,0.0,0.0,0.0
8700.0,0.159828,0.147728,11.260486,0.0,0.0,0.0
8720.0,0.186836,0.161563,11.791737,0.0,0.0,0.0
8740.0,0.309742,0.047051,12.178278,0.0,0.0,0.0
8760.0,0.259343,-0.006412,12.157036,0.0,0.0,0.0
8780.0,0.177038,-0.225704,11.874701,0.0,0.0,0.0
8800.0,0.038568,-0.202229,11.216556,0.0,0.0,0.0
8820.0,-0.097361,-0.08449,10.437367,0.0,0.0,0.0
8840.0,-0.134262,-0.007863,9.501517,0.0,0.0,0.0
8860.0,-0.200102,0.096381,8.612824,0.0,0.0,0.0
8880.0,-0.2452,0.198052,7.971837,0.0,0.0,0.0
8900.0,-0.221857,0.129254,7.54714,0.0,0.0,0.0
8920.0,-0.162824,-0.031547,7.38346,0.0,0.0,0.0
8940.0,-0.177294,-0.132574,7.61663,0.0,0.0,0.0
8960.0,-0.135965,-0.110777,8.175176,0.0,0.0,0.0
8980.0,-0.019004,-0.099375,8.919331,0.0,0.0,0.0
9000.0,0.103302,0.01968,9.761434,0.0,0.0,0.0
9020.0,0.214269,0.198386,10.706465,0.0,0.0,0.0
9040.0,0.250175,0.173872,11.435201,0.0,0.0,0.0
9060.0,0.278883,0.134715,12.010306,0.0,0.0,0.0
9080.0,0.211122,0.054234,12.188625,0.0,0.0,0.0
9100.0,0.230819,-0.152299,12.135688,0.0,0.0,0.0
9120.0,0.176499,-0.155013,11.602865,0.0,0.0,0.0
9140.0,0.058532,-0.147941,10.906674,0.0,0.0,0.0
9160.0,-0.078872,-0.03499,10.126912,0.0,0.0,0.0
9180.0,-0.168394,0.10269,9.261371,0.0,0.0,0.0
9200.0,-0.203741,0.082256,8.384855,0.0,0.0,0.0
9220.0,-0.289828,0.112403,7.783559,0.0,0.0,0.0
9240.0,-0.237876,0.03265,7.460935,0.0,0.0,0.0
9260.0,-0.271606,-0.094197,7.500869,0.0,0.0,0.0
9280.0,-0.182866,-0.157549,7.71477,0.0,0.0,0.0
9300.0,-5e-06,-0.16151,8.389578,0.0,0.0,0.0
9320.0,0.062804,-0.14184,9.251183,0.0,0.0,0.0
9340.0,0.133175,0.040606,10.090242,0.0,0.0,0.0
9360.0,0.20575,0.186424,10.971816,0.0,0.0,0.0
9380.0,0.29869,0.188291,11.673844,0.0,0.0,0.0
9400.0,0.27228,0.190895,12.034308,0.0,0.0,0.0
9420.0,0.301833,0.023813,12.172089,0.0,0.0,0.0
9440.0,0.270292,-0.113096,12.012225,0.0,0.0,0.0
9460.0,0.100812,-0.199224,11.442234,0.0,0.0,0.0
9480.0,0.007043,-0.082392,10.696495,0.0,0.0,0.0
9500.0,-0.144053,0.028855,9.83889,0.0,0.0,0.0
9520.0,-0.179014,0.157526,8.913669,0.0,0.0,0.0
9540.0,-0.295857,0.161234,8.106496,0.0,0.0,0.0
9560.0,-0.279478,0.145018,7.619666,0.0,0.0,0.0
9580.0,-0.375231,-0.019592,7.450615,0.0,0.0,0.0
9600.0,-0.240887,-0.100234,7.47544,0.0,0.0,0.0
9620.0,-0.082547,-0.19364,7.96757,0.0,0.0,0.0
9640.0,0.05189,-0.109036,8.639711,0.0,0.0,0.0
9660.0,0.057259,-0.059143,9.523697,0.0,0.0,0.0
9680.0,0.170915,0.078663,10.454857,0.0,0.0,0.0
9700.0,0.242655,0.263088,11.220511,0.0,0.0,0.0
9720.0,0.346552,0.186233,11.866741,0.0,0.0,0.0
9740.0,0.256221,0.040798,12.180229,0.0,0.0,0.0
9760.0,0.274151,-0.069271,12.119116,0.0,0.0,0.0
9780.0,0.116268,-0.223677,11.77117,0.0,0.0,0.0
9800.0,0.069018,-0.143226,11.216865,0.0,0.0,0.0
9820.0,-0.121775,-0.099173,10.397808,0.0,0.0,0.0
9840.0,-0.071155,-0.003251,9.492177,0.0,0.0,0.0
9860.0,-0.166368,0.17786,8.670157,0.0,0.0,0.0
9880.0,-0.271869,0.200147,7.984635,0.0,0.0,0.0
9900.0,-0.315272,0.143587,7.476059,0.0,0.0,0.0
9920.0,-0.246207,-0.017808,7.389816,0.0,0.0,0.0
9940.0,-0.193061,-0.169727,7.597556,0.0,0.0,0.0
9960.0,-0.112208,-0.230261,8.175035,0.0,0.0,0.0
9980.0,-0.033627,-0.106514,8.881799,0.0,0.0,0.0
10000.0,0.092332,-0.021861,9.85303,0.0,0.0,0.0
10020.0,0.213488,0.124022,10.707604,0.0,0.0,0.0
10040.0,0.189591,0.190111,11.519476,0.0,0.0,0.0
10060.0,0.292404,0.150316,11.997419,0.0,0.0,0.0
10080.0,0.30313,-0.045847,12.143033,0.0,0.0,0.0
10100.0,0.224986,-0.137875,12.135107,0.0,0.0,0.0
10120.0,0.121871,-0.256308,11.611501,0.0,0.0,0.0
10140.0,-0.066726,-0.170305,10.956265,0.0,0.0,0.0
10160.0,-0.092878,-0.009988,10.149398,0.0,0.0,0.0
10180.0,-0.180561,0.017782,9.231399,0.0,0.0,0.0
10200.0,-0.227215,0.193432,8.430317,0.0,0.0,0.0
10220.0,-0.324834,0.244033,7.746683,0.0,0.0,0.0
10240.0,-0.255359,0.011623,7.416601,0.0,0.0,0.0
10260.0,-0.186479,-0.079811,7.478558,0.0,0.0,0.0
10280.0,-0.155583,-0.1774,7.827998,0.0,0.0,0.0
10300.0,-0.073469,-0.244929,8.367852,0.0,0.0,0.0
10320.0,0.061952,-0.078654,9.154947,0.0,0.0,0.0
10340.0,0.119163,0.027388,10.094658,0.0,0.0,0.0
10360.0,0.177916,0.140118,10.937357,0.0,0.0,0.0
10380.0,0.302883,0.216918,11.650778,0.0,0.0,0.0
10400.0,0.273218,0.117752,12.060606,0.0,0.0,0.0
10420.0,0.217561,-0.056972,12.179696,0.0,0.0,0.0
10440.0,0.151546,-0.142266,12.003775,0.0,0.0,0.0
10460.0,0.044283,-0.190742,11.441865,0.0,0.0,0.0
10480.0,0.005327,-0.131886,10.639273,0.0,0.0,0.0
10500.0,-0.156336,0.00103,9.842657,0.0,0.0,0.0
10520.0,-0.279424,0.143533,8.964788,0.0,0.0,0.0
10540.0,-0.268698,0.210878,8.13913,0.0,0.0,0.0
10560.0,-0.291949,0.091207,7.553013,0.0,0.0,0.0
10580.0,-0.238787,-0.010411,7.395442,0.0,0.0,0.0
10600.0,-0.266151,-0.162204,7.51803,0.0,0.0,0.0
10620.0,-0.158437,-0.17537,7.973257,0.0,0.0,0.0
10640.0,-0.018283,-0.15376,8.705663,0.0,0.0,0.0
10660.0,0.040656,-0.049671,9.545494,0.0,0.0,0.0
10680.0,0.218857,0.042735,10.392573,0.0,0.0,0.0
10700.0,0.294187,0.200386,11.224169,0.0,0.0,0.0
10720.0,0.276446,0.160294,11.843125,0.0,0.0,0.0
10740.0,0.272749,0.06919,12.16689,0.0,0.0,0.0
10760.0,0.215819,-0.052055,12.266138,0.0,0.0,0.0
10780.0,0.101682,-0.162386,11.80643,0.0,0.0,0.0
10800.0,0.085395,-0.180973,11.244,0.0,0.0,0.0
10820.0,-0.001517,-0.085762,10.443128,0.0,0.0,0.0
10840.0,-0.226565,0.103414,9.518977,0.0,0.0,0.0
10860.0,-0.188348,0.119415,8.621364,0.0,0.0,0.0
10880.0,-0.270771,0.188003,7.967326,0.0,0.0,0.0
10900.0,-0.248982,0.051072,7.558198,0.0,0.0,0.0
10920.0,-0.25741,-0.031196,7.359897,0.0,0.0,0.0
10940.0,-0.174661,-0.232432,7.657759,0.0,0.0,0.0
10960.0,-0.152055,-0.18975,8.159566,0.0,0.0,0.0
10980.0,0.04756,-0.137686,8.898856,0.0,0.0,0.0
11000.0,0.094421,0.044551,9.82542,0.0,0.0,0.0
11020.0,0.18843,0.123157,10.635298,0.0,0.0,0.0
11040.0,0.276939,0.130028,11.475876,0.0,0.0,0.0
11060.0,0.292273,0.231482,11.93973,0.0,0.0,0.0
11080.0,0.268191,0.087004,12.243613,0.0,0.0,0.0
11100.0,0.193258,-0.105016,12.089256,0.0,0.0,0.0
11120.0,0.14277,-0.213053,11.652756,0.0,0.0,0.0
11140.0,-0.026419,-0.157382,10.97861,0.0,0.0,0.0
11160.0,-0.085981,-0.104275,10.142048,0.0,0.0,0.0
11180.0,-0.161839,0.067086,9.199973,0.0,0.0,0.0
11200.0,-0.299176,0.146713,8.377142,0.0,0.0,0.0
11220.0,-0.241071,0.151344,7.80267,0.0,0.0,0.0
11240.0,-0.300423,0.079358,7.444212,0.0,0.0,0.0
11260.0,-0.208995,-0.089398,7.394122,0.0,0.0,0.0
11280.0,-0.212245,-0.192343,7.736546,0.0,0.0,0.0
11300.0,-0.050829,-0.198905,8.479077,0.0,0.0,0.0
11320.0,-0.01816,-0.08537,9.170316,0.0,0.0,0.0
11340.0,0.127246,0.052698,10.026062,0.0,0.0,0.0
11360.0,0.234362,0.228713,10.946988,0.0,0.0,0.0
11380.0,0.284973,0.224471,11.650143,0.0,0.0,0.0
11400.0,0.266606,0.033204,12.11162,0.0,0.0,0.0
11420.0,0.253739,-0.059508,12.206345,0.0,0.0,0.0
11440.0,0.171838,-0.166433,11.999455,0.0,0.0,0.0
11460.0,0.052988,-0.154965,11.400644,0.0,0.0,0.0
11480.0,-0.029821,-0.06413,10.729606,0.0,0.0,0.0
11500.0,-0.108736,-0.032919,9.788125,0.0,0.0,0.0
11520.0,-0.199363,0.132746,8.919971,0.0,0.0,0.0
11540.0,-0.264422,0.184118,8.113268,0.0,0.0,0.0
11560.0,-0.30585,0.17995,7.587173,0.0,0.0,0.0
11580.0,-0.278419,-0.004627,7.415283,0.0,0.0,0.0
11600.0,-0.231228,-0.061146,7.541845,0.0,0.0,0.0
11620.0,-0.178815,-0.165106,7.930305,0.0,0.0,0.0
11640.0,-0.049708,-0.151127,8.63323,0.0,0.0,0.0
11660.0,0.109271,-0.074856,9.484187,0.0,0.0,0.0
11680.0,0.151625,0.072699,10.441977,0.0,0.0,0.0
11700.0,0.26866,0.242451,11.296702,0.0,0.0,0.0
11720.0,0.24799,0.176191,11.79187,0.0,0.0,0.0
11740.0,0.254366,0.048627,12.127139,0.0,0.0,0.0
11760.0,0.202736,-0.07573,12.121554,0.0,0.0,0.0
11780.0,0.193351,-0.205848,11.931372,0.0,0.0,0.0
11800.0,0.049387,-0.180082,11.171998,0.0,0.0,0.0
11820.0,0.017053,-0.053314,10.413898,0.0,0.0,0.0
11840.0,-0.191653,0.055122,9.4666,0.0,0.0,0.0
11860.0,-0.17489,0.190433,8.653782,0.0,0.0,0.0
11880.0,-0.361152,0.15418,7.98149,0.0,0.0,0.0
11900.0,-0.244489,0.151676,7.468394,0.0,0.0,0.0
11920.0,-0.247146,0.011479,7.353344,0.0,0.0,0.0
11940.0,-0.192544,-0.138354,7.624538,0.0,0.0,0.0
11960.0,-0.164657,-0.203021,8.152281,0.0,0.0,0.0
11980.0,0.001443,-0.151155,8.907646,0.0,0.0,0.0
12000.0,0.110763,0.015486,9.795995,0.0,0.0,0.0
12020.0,0.18759,0.134665,10.622917,0.0,0.0,0.0
12040.0,0.280039,0.191601,11.450952,0.0,0.0,0.0
12060.0,0.321397,0.07959,11.909151,0.0,0.0,0.0
12080.0,0.281367,0.023815,12.20787,0.0,0.0,0.0
12100.0,0.201451,-0.089602,12.121828,0.0,0.0,0.0
12120.0,0.149841,-0.197728,11.582113,0.0,0.0,0.0
12140.0,0.056436,-0.11935,10.985418,0.0,0.0,0.0
12160.0,-0.108809,-0.024166,10.137568,0.0,0.0,0.0
12180.0,-0.120039,0.061833,9.201868,0.0,0.0,0.0
12200.0,-0.220498,0.184612,8.356859,0.0,0.0,0.0
12220.0,-0.269554,0.19398,7.783342,0.0,0.0,0.0
12240.0,-0.273897,0.061625,7.5009,0.0,0.0,0.0
12260.0,-0.271076,-0.091236,7.449545,0.0,0.0,0.0
12280.0,-0.133113,-0.226135,7.734403,0.0,0.0,0.0
12300.0,-0.136506,-0.181459,8.356825,0.0,0.0,0.0
12320.0,0.029201,-0.069348,9.18734,0.0,0.0,0.0
12340.0,0.15261,0.037272,10.130974,0.0,0.0,0.0
12360.0,0.242702,0.137893,10.956956,0.0,0.0,0.0
12380.0,0.31241,0.202367,11.606988,0.0,0.0,0.0
12400.0,0.309886,0.074893,12.138624,0.0,0.0,0.0
12420.0,0.293543,-0.013918,12.207417,0.0,0.0,0.0
12440.0,0.184951,-0.12419,11.965258,0.0,0.0,0.0
12460.0,0.108076,-0.161103,11.4299,0.0,0.0,0.0
12480.0,-0.028193,-0.173236,10.652892,0.0,0.0,0.0
12500.0,-0.176146,0.025544,9.869962,0.0,0.0,0.0
12520.0,-0.152041,0.07452,8.948521,0.0,0.0,0.0
12540.0,-0.213569,0.175633,8.167288,0.0,0.0,0.0
12560.0,-0.358048,0.157274,7.59784,0.0,0.0,0.0
12580.0,-0.264797,-0.030578,7.430386,0.0,0.0,0.0
12600.0,-0.181768,-0.140266,7.484322,0.0,0.0,0.0
12620.0,-0.208363,-0.197924,7.937062,0.0,0.0,0.0
12640.0,-0.083798,-0.146255,8.634692,0.0,0.0,0.0
12660.0,0.040371,-0.067158,9.543346,0.0,0.0,0.0
12680.0,0.195701,0.087946,10.425174,0.0,0.0,0.0
12700.0,0.206021,0.183736,11.222491,0.0,0.0,0.0
12720.0,0.267621,0.188968,11.805722,0.0,0.0,0.0
12740.0,0.299426,0.089995,12.062039,0.0,0.0,0.0
12760.0,0.281212,-0.177347,12.142578,0.0,0.0,0.0
12780.0,0.199764,-0.184832,11.781721,0.0,0.0,0.0
12800.0,0.026905,-0.146661,11.150082,0.0,0.0,0.0
12820.0,-0.003145,-0.094425,10.361772,0.0,0.0,0.0
12840.0,-0.164924,0.012146,9.536168,0.0,0.0,0.0
12860.0,-0.200438,0.10194,8.636315,0.0,0.0,0.0
12880.0,-0.306091,0.233872,7.910165,0.0,0.0,0.0
12900.0,-0.230792,0.111689,7.483447,0.0,0.0,0.0
12920.0,-0.281405,-0.052121,7.366774,0.0,0.0,0.0
12940.0,-0.188948,-0.190916,7.558752,0.0,0.0,0.0
12960.0,-0.11312,-0.254721,8.137411,0.0,0.0,0.0
12980.0,-0.025193,-0.161926,8.993185,0.0,0.0,0.0
13000.0,0.114127,0.008588,9.744476,0.0,0.0,0.0
13020.0,0.179039,0.138969,10.65429,0.0,0.0,0.0
13040.0,0.295125,0.149527,11.43954,0.0,0.0,0.0
13060.0,0.26726,0.15369,11.955818,0.0,0.0,0.0
13080.0,0.262303,0.015799,12.176211,0.0,0.0,0.0
13100.0,0.234604,-0.104511,12.086084,0.0,0.0,0.0
13120.0,0.117836,-0.16072,11.647628,0.0,0.0,0.0
13140.0,0.018778,-0.158447,11.022239,0.0,0.0,0.0
13160.0,-0.124934,-0.020803,10.041189,0.0,0.0,0.0
13180.0,-0.166993,0.147625,9.226898,0.0,0.0,0.0
13200.0,-0.240681,0.162987,8.397052,0.0,0.0,0.0
13220.0,-0.292888,0.146218,7.770117,0.0,0.0,0.0
13240.0,-0.274639,0.043827,7.420941,0.0,0.0,0.0
13260.0,-0.28716,-0.057005,7.468247,0.0,0.0,0.0
13280.0,-0.155769,-0.139946,7.783338,0.0,0.0,0.0
13300.0,-0.051466,-0.171969,8.392761,0.0,0.0,0.0
13320.0,0.024081,-0.015001,9.193976,0.0,0.0,0.0
13340.0,0.121209,0.062939,10.116265,0.0,0.0,0.0
13360.0,0.176905,0.201405,10.959562,0.0,0.0,0.0
13380.0,0.236997,0.230207,11.67778,0.0,0.0,0.0
13400.0,0.242681,0.175056,12.112244,0.0,0.0,0.0
13420.0,0.257343,0.031594,12.20749,0.0,0.0,0.0
13440.0,0.191284,-0.171049,11.9986,0.0,0.0,0.0
13460.0,0.116512,-0.191107,11.421914,0.0,0.0,0.0
13480.0,-0.002078,-0.133876,10.643477,0.0,0.0,0.0
13500.0,-0.163666,0.01978,9.715584,0.0,0.0,0.0
13520.0,-0.194738,0.1147,8.96894,0.0,0.0,0.0
13540.0,-0.280614,0.214703,8.149845,0.0,0.0,0.0
13560.0,-0.28379,0.173728,7.618876,0.0,0.0,0.0
13580.0,-0.236905,-0.010715,7.421697,0.0,0.0,0.0
13600.0,-0.185333,-0.089753,7.59119,0.0,0.0,0.0
13620.0,-0.159622,-0.236869,7.922616,0.0,0.0,0.0
13640.0,-0.006397,-0.144684,8.65402,0.0,0.0,0.0
13660.0,0.038718,-0.020908,9.462986,0.0,0.0,0.0
13680.0,0.215161,0.192507,10.416332,0.0,0.0,0.0
13700.0,0.267061,0.165353,11.153977,0.0,0.0,0.0
13720.0,0.26297,0.135475,11.782392,0.0,0.0,0.0
13740.0,0.341865,0.08023,12.177428,0.0,0.0,0.0
13760.0,0.228736,-0.07673,12.197899,0.0,0.0,0.0
13780.0,0.162745,-0.155153,11.826177,0.0,0.0,0.0
13800.0,0.053211,-0.231845,11.148113,0.0,0.0,0.0
13820.0,-0.051815,-0.090519,10.358491,0.0,0.0,0.0
13840.0,-0.145721,0.04963,9.43039,0.0,0.0,0.0
13860.0,-0.258102,0.176365,8.663988,0.0,0.0,0.0
13880.0,-0.316258,0.194145,7.993202,0.0,0.0,0.0
13900.0,-0.259742,0.10952,7.507735,0.0,0.0,0.0
13920.0,-0.279727,-0.00769,7.418214,0.0,0.0,0.0
13940.0,-0.170238,-0.143323,7.663722,0.0,0.0,0.0
13960.0,-0.09652,-0.164157,8.194216,0.0,0.0,0.0
13980.0,-0.021532,-0.194718,8.977173,0.0,0.0,0.0
14000.0,0.121136,-0.060007,9.781666,0.0,0.0,0.0
14020.0,0.228943,0.121644,10.672227,0.0,0.0,0.0
14040.0,0.312373,0.154966,11.421628,0.0,0.0,0.0
14060.0,0.29517,0.161604,11.995607,0.0,0.0,0.0
14080.0,0.303678,0.031014,12.219043,0.0,0.0,0.0
14100.0,0.208553,-0.11066,12.092949,0.0,0.0,0.0
14120.0,0.14043,-0.16156,11.675312,0.0,0.0,0.0
14140.0,0.03106,-0.19043,10.965227,0.0,0.0,0.0
14160.0,-0.079002,-0.040987,10.184678,0.0,0.0,0.0
14180.0,-0.19293,0.107277,9.24719,0.0,0.0,0.0
14200.0,-0.243222,0.264427,8.382734,0.0,0.0,0.0
14220.0,-0.272722,0.145769,7.76796,0.0,0.0,0.0
14240.0,-0.27287,0.100301,7.460329,0.0,0.0,0.0
14260.0,-0.195483,-0.074004,7.437535,0.0,0.0,0.0
14280.0,-0.069237,-0.159928,7.755081,0.0,0.0,0.0
14300.0,-0.089485,-0.215597,8.428745,0.0,0.0,0.0
14320.0,0.029907,-0.088039,9.207571,0.0,0.0,0.0
14340.0,0.170117,0.018112,10.069805,0.0,0.0,0.0
14360.0,0.233923,0.183145,10.974497,0.0,0.0,0.0
14380.0,0.247548,0.212311,11.629847,0.0,0.0,0.0
14400.0,0.268686,0.079816,12.134726,0.0,0.0,0.0
14420.0,0.27987,-0.002889,12.245567,0.0,0.0,0.0
14440.0,0.29071,-0.207761,11.952392,0.0,0.0,0.0
14460.0,0.078265,-0.2214,11.411848,0.0,0.0,0.0
14480.0,-0.017114,-0.174014,10.701875,0.0,0.0,0.0
14500.0,-0.110343,0.016836,9.82442,0.0,0.0,0.0
14520.0,-0.180822,0.118364,8.997391,0.0,0.0,0.0
14540.0,-0.255137,0.126434,8.128654,0.0,0.0,0.0
14560.0,-0.348689,0.148545,7.630802,0.0,0.0,0.0
14580.0,-0.288179,0.094446,7.4306,0.0,0.0,0.0
14600.0,-0.192212,-0.145442,7.489144,0.0,0.0,0.0
14620.0,-0.131614,-0.182544,7.892447,0.0,0.0,0.0
14640.0,-0.035823,-0.161618,8.642911,0.0,0.0,0.0
14660.0,0.049553,-0.066632,9.49966,0.0,0.0,0.0
14680.0,0.177776,0.113664,10.441336,0.0,0.0,0.0
14700.0,0.23635,0.166637,11.232653,0.0,0.0,0.0
14720.0,0.305445,0.15853,11.860701,0.0,0.0,0.0
14740.0,0.315868,0.115889,12.226381,0.0,0.0,0.0
14760.0,0.209227,-0.070193,12.164534,0.0,0.0,0.0
14780.0,0.160444,-0.196451,11.781042,0.0,0.0,0.0
14800.0,0.06843,-0.209495,11.220344,0.0,0.0,0.0
14820.0,-0.070452,-0.130985,10.411706,0.0,0.0,0.0
14840.0,-0.139232,0.068023,9.582355,0.0,0.0,0.0
14860.0,-0.216367,0.179089,8.612727,0.0,0.0,0.0
14880.0,-0.320921,0.243998,7.925096,0.0,0.0,0.0
14900.0,-0.323478,0.111486,7.520958,0.0,0.0,0.0
14920.0,-0.289288,-0.034738,7.454414,0.0,0.0,0.0
14940.0,-0.220477,-0.196717,7.668056,0.0,0.0,0.0
14960.0,-0.082601,-0.213339,8.108361,0.0,0.0,0.0
14980.0,-0.019436,-0.133348,8.96395,0.0,0.0,0.0
15000.0,0.075872,-0.002958,9.83028,0.0,0.0,0.0
15020.0,0.118583,0.167616,10.648763,0.0,0.0,0.0
15040.0,0.274962,0.200255,11.487524,0.0,0.0,0.0
15060.0,0.307054,0.064733,11.950768,0.0,0.0,0.0
15080.0,0.276621,0.01724,12.218631,0.0,0.0,0.0
15100.0,0.245253,-0.091559,12.081686,0.0,0.0,0.0
15120.0,0.06828,-0.204541,11.670455,0.0,0.0,0.0
15140.0,-0.008653,-0.140016,10.994653,0.0,0.0,0.0
15160.0,-0.073581,-0.154981,10.062717,0.0,0.0,0.0
15180.0,-0.108581,0.073368,9.140349,0.0,0.0,0.0
15200.0,-0.203419,0.18307,8.434638,0.0,0.0,0.0
15220.0,-0.274372,0.189776,7.792968,0.0,0.0,0.0
15240.0,-0.25717,0.15039,7.483146,0.0,0.0,0.0
15260.0,-0.294864,-0.055047,7.489112,0.0,0.0,0.0
15280.0,-0.121782,-0.188658,7.821036,0.0,0.0,0.0
15300.0,-0.032715,-0.092565,8.369715,0.0,0.0,0.0
15320.0,0.024901,-0.103211,9.192636,0.0,0.0,0.0
15340.0,0.113364,-0.048945,10.092235,0.0,0.0,0.0
15360.0,0.239,0.144848,11.030597,0.0,0.0,0.0
15380.0,0.276347,0.233785,11.665031,0.0,0.0,0.0
15400.0,0.315864,0.122628,12.137093,0.0,0.0,0.0
15420.0,0.259658,-0.0067,12.214736,0.0,0.0,0.0
15440.0,0.182177,-0.133764,12.056438,0.0,0.0,0.0
15460.0,0.090367,-0.17694,11.493585,0.0,0.0,0.0
15480.0,0.033283,-0.131023,10.60673,0.0,0.0,0.0
15500.0,-0.094068,-0.077682,9.858098,0.0,0.0,0.0
15520.0,-0.195996,0.166422,8.891577,0.0,0.0,0.0
15540.0,-0.31768,0.200748,8.162561,0.0,0.0,0.0
15560.0,-0.304976,0.150902,7.731925,0.0,0.0,0.0
15580.0,-0.242576,0.060796,7.440924,0.0,0.0,0.0
15600.0,-0.165844,-0.119507,7.452198,0.0,0.0,0.0
15620.0,-0.139502,-0.160188,7.923475,0.0,0.0,0.0
15640.0,-0.035685,-0.186323,8.703012,0.0,0.0,0.0
15660.0,0.104253,-0.024945,9.527606,0.0,0.0,0.0
15680.0,0.173294,0.099411,10.362024,0.0,0.0,0.0
15700.0,0.170127,0.187856,11.228674,0.0,0.0,0.0
15720.0,0.32639,0.228724,11.887987,0.0,0.0,0.0
15740.0,0.246651,0.058351,12.180951,0.0,0.0,0.0
15760.0,0.328168,-0.018876,12.203318,0.0,0.0,0.0
15780.0,0.150304,-0.204639,11.860649,0.0,0.0,0.0
15800.0,0.026663,-0.190948,11.213317,0.0,0.0,0.0
15820.0,0.013092,-0.104911,10.318132,0.0,0.0,0.0
15840.0,-0.126859,0.023283,9.507342,0.0,0.0,0.0
15860.0,-0.229107,0.152531,8.678103,0.0,0.0,0.0
15880.0,-0.32953,0.170504,7.98136,0.0,0.0,0.0
15900.0,-0.308433,0.056547,7.547514,0.0,0.0,0.0
15920.0,-0.218392,-0.025639,7.342756,0.0,0.0,0.0
15940.0,-0.167558,-0.206035,7.645873,0.0,0.0,0.0
15960.0,-0.130892,-0.232216,8.14827,0.0,0.0,0.0
15980.0,0.000211,-0.15398,8.943756,0.0,0.0,0.0
16000.0,0.09654,0.034307,9.816491,0.0,0.0,0.0
16020.0,0.177513,0.101125,10.632487,0.0,0.0,0.0
16040.0,0.273518,0.179211,11.366536,0.0,0.0,0.0
16060.0,0.269022,0.116402,12.033384,0.0,0.0,0.0
16080.0,0.212187,-0.026383,12.240763,0.0,0.0,0.0
16100.0,0.265112,-0.138929,12.067063,0.0,0.0,0.0
16120.0,0.15447,-0.270048,11.59074,0.0,0.0,0.0
16140.0,0.019687,-0.107865,10.947608,0.0,0.0,0.0
16160.0,-0.074489,-0.008066,10.181191,0.0,0.0,0.0
16180.0,-0.194788,0.091907,9.273566,0.0,0.0,0.0
16200.0,-0.299929,0.218568,8.360324,0.0,0.0,0.0
16220.0,-0.280479,0.165235,7.746733,0.0,0.0,0.0
16240.0,-0.315991,0.080354,7.484004,0.0,0.0,0.0
16260.0,-0.244092,-0.068226,7.469152,0.0,0.0,0.0
16280.0,-0.197883,-0.147838,7.80894,0.0,0.0,0.0
16300.0,0.025941,-0.195766,8.379933,0.0,0.0,0.0
16320.0,0.069574,-0.063828,9.191066,0.0,0.0,0.0
16340.0,0.130404,0.066688,10.078484,0.0,0.0,0.0
16360.0,0.211704,0.165247,10.997717,0.0,0.0,0.0
16380.0,0.254718,0.124116,11.588801,0.0,0.0,0.0
16400.0,0.24286,0.066894,12.083774,0.0,0.0,0.0
16420.0,0.216089,-0.04866,12.174821,0.0,0.0,0.0
16440.0,0.176849,-0.101651,12.001403,0.0,0.0,0.0
16460.0,0.100396,-0.207757,11.4344,0.0,0.0,0.0
16480.0,0.004845,-0.110987,10.658382,0.0,0.0,0.0
16500.0,-0.110876,-0.071107,9.81406,0.0,0.0,0.0
16520.0,-0.175252,0.121631,8.98673,0.0,0.0,0.0
16540.0,-0.294186,0.199232,8.162483,0.0,0.0,0.0
16560.0,-0.291282,0.143937,7.638814,0.0,0.0,0.0
16580.0,-0.242106,0.072285,7.411307,0.0,0.0,0.0
16600.0,-0.189089,-0.137417,7.550923,0.0,0.0,0.0
16620.0,-0.159572,-0.150426,8.034791,0.0,0.0,0.0
16640.0,-0.033786,-0.23885,8.631259,0.0,0.0,0.0
16660.0,0.121137,-0.028391,9.514562,0.0,0.0,0.0
16680.0,0.209901,0.109453,10.446126,0.0,0.0,0.0
16700.0,0.278832,0.235862,11.229892,0.0,0.0,0.0
16720.0,0.31575,0.162977,11.811986,0.0,0.0,0.0
16740.0,0.341319,0.078247,12.19231,0.0,0.0,0.0
16760.0,0.243883,-0.091208,12.164524,0.0,0.0,0.0
16780.0,0.214137,-0.154293,11.773135,0.0,0.0,0.0
16800.0,0.057652,-0.120223,11.209852,0.0,0.0,0.0
16820.0,-0.105677,-0.02624,10.427389,0.0,0.0,0.0
16840.0,-0.146965,0.034749,9.543733,0.0,0.0,0.0
16860.0,-0.245042,0.2023,8.669418,0.0,0.0,0.0
16880.0,-0.267315,0.193692,7.951294,0.0,0.0,0.0
16900.0,-0.250342,0.082568,7.467347,0.0,0.0,0.0
16920.0,-0.236195,-0.001971,7.428194,0.0,0.0,0.0
16940.0,-0.177997,-0.159157,7.662627,0.0,0.0,0.0
16960.0,-0.101426,-0.20867,8.152821,0.0,0.0,0.0
16980.0,0.077348,-0.192157,8.940644,0.0,0.0,0.0
17000.0,0.053384,-0.003788,9.791473,0.0,0.0,0.0
17020.0,0.128952,0.145049,10.676848,0.0,0.0,0.0
17040.0,0.18987,0.221006,11.499788,0.0,0.0,0.0
17060.0,0.339926,0.160502,11.979847,0.0,0.0,0.0
17080.0,0.31827,0.082947,12.241589,0.0,0.0,0.0
17100.0,0.184672,-0.105808,12.104569,0.0,0.0,0.0
17120.0,0.069565,-0.172172,11.735436,0.0,0.0,0.0
17140.0,0.05191,-0.110542,10.969261,0.0,0.0,0.0
17160.0,-0.080584,-0.034404,10.078896,0.0,0.0,0.0
17180.0,-0.20833,0.136817,9.257826,0.0,0.0,0.0
17200.0,-0.281341,0.216483,8.392922,0.0,0.0,0.0
17220.0,-0.272172,0.189834,7.815065,0.0,0.0,0.0
17240.0,-0.278687,0.120036,7.45999,0.0,0.0,0.0
17260.0,-0.217705,-0.099844,7.524714,0.0,0.0,0.0
17280.0,-0.147433,-0.148772,7.723976,0.0,0.0,0.0
17300.0,-0.09398,-0.139277,8.406007,0.0,0.0,0.0
17320.0,-0.024322,-0.056157,9.190762,0.0,0.0,0.0
17340.0,0.193911,0.044674,10.114614,0.0,0.0,0.0
17360.0,0.267336,0.130699,10.928109,0.0,0.0,0.0
17380.0,0.269002,0.21755,11.609301,0.0,0.0,0.0
17400.0,0.228558,0.141685,12.068081,0.0,0.0,0.0
17420.0,0.243972,-0.089052,12.17815,0.0,0.0,0.0
17440.0,0.192002,-0.115375,11.951242,0.0,0.0,0.0
17460.0,0.157839,-0.215581,11.425655,0.0,0.0,0.0
17480.0,0.047182,-0.124032,10.670828,0.0,0.0,0.0
17500.0,-0.117582,0.047358,9.857967,0.0,0.0,0.0
17520.0,-0.230515,0.129948,8.926307,0.0,0.0,0.0
17540.0,-0.297861,0.189672,8.163923,0.0,0.0,0.0
17560.0,-0.247864,0.190198,7.623543,0.0,0.0,0.0
17580.0,-0.279273,0.047314,7.390904,0.0,0.0,0.0
17600.0,-0.197023,-0.115931,7.490185,0.0,0.0,0.0
17620.0,-0.166391,-0.137952,7.951943,0.0,0.0,0.0
17640.0,0.0279,-0.180088,8.660633,0.0,0.0,0.0
17660.0,0.161765,-0.084757,9.439427,0.0,0.0,0.0
17680.0,0.219629,0.063558,10.402781,0.0,0.0,0.0
17700.0,0.226145,0.191989,11.184066,0.0,0.0,0.0
17720.0,0.277768,0.18947,11.797746,0.0,0.0,0.0
17740.0,0.257079,0.058522,12.114131,0.0,0.0,0.0
17760.0,0.224762,-0.066522,12.150155,0.0,0.0,0.0
17780.0,0.154379,-0.174423,11.810086,0.0,0.0,0.0
17800.0,0.089373,-0.132344,11.201081,0.0,0.0,0.0
17820.0,-0.025678,-0.100883,10.416298,0.0,0.0,0.0
17840.0,-0.089712,0.065552,9.443781,0.0,0.0,0.0
17860.0,-0.210183,0.205261,8.642685,0.0,0.0,0.0
17880.0,-0.241032,0.164445,7.905424,0.0,0.0,0.0
17900.0,-0.281999,0.051378,7.515722,0.0,0.0,0.0
17920.0,-0.212661,-0.090906,7.366603,0.0,0.0,0.0
17940.0,-0.228388,-0.150155,7.622265,0.0,0.0,0.0
17960.0,-0.050861,-0.158219,8.181071,0.0,0.0,0.0
17980.0,0.011723,-0.11767,8.892982,0.0,0.0,0.0
18000.0,0.142155,-0.038922,9.835888,0.0,0.0,0.0
18020.0,0.243442,0.138813,10.683981,0.0,0.0,0.0
18040.0,0.277353,0.091468,11.460142,0.0,0.0,0.0
18060.0,0.283804,0.146167,12.002964,0.0,0.0,0.0
18080.0,0.269167,-0.015843,12.196965,0.0,0.0,0.0
18100.0,0.21999,-0.108832,12.094853,0.0,0.0,0.0
18120.0,0.16928,-0.22661,11.662031,0.0,0.0,0.0
18140.0,0.07466,-0.222822,10.969146,0.0,0.0,0.0
18160.0,-0.09851,-0.060723,10.075781,0.0,0.0,0.0
18180.0,-0.180532,0.156941,9.165539,0.0,0.0,0.0
18200.0,-0.287589,0.137035,8.456425,0.0,0.0,0.0
18220.0,-0.300247,0.172829,7.766166,0.0,0.0,0.0
18240.0,-0.314637,0.06245,7.535199,0.0,0.0,0.0
18260.0,-0.190829,-0.100533,7.471826,0.0,0.0,0.0
18280.0,-0.19298,-0.2359,7.815946,0.0,0.0,0.0
18300.0,-0.024583,-0.145991,8.37952,0.0,0.0,0.0
18320.0,0.036823,-0.066255,9.223497,0.0,0.0,0.0
18340.0,0.130737,-0.008919,10.111435,0.0,0.0,0.0
18360.0,0.263838,0.120195,10.985215,0.0,0.0,0.0
18380.0,0.287483,0.214854,11.686401,0.0,0.0,0.0
18400.0,0.262633,0.056261,12.070512,0.0,0.0,0.0
18420.0,0.288819,-0.043034,12.177623,0.0,0.0,0.0
18440.0,0.12852,-0.086596,12.007135,0.0,0.0,0.0
18460.0,0.126777,-0.157751,11.469748,0.0,0.0,0.0
18480.0,-0.015177,-0.137165,10.675184,0.0,0.0,0.0
18500.0,-0.019937,0.019457,9.790417,0.0,0.0,0.0
18520.0,-0.185635,0.096053,8.975809,0.0,0.0,0.0
18540.0,-0.28648,0.209159,8.201046,0.0,0.0,0.0
18560.0,-0.274305,0.151245,7.635443,0.0,0.0,0.0
18580.0,-0.27376,0.00388,7.395654,0.0,0.0,0.0
18600.0,-0.16584,-0.116654,7.496611,0.0,0.0,0.0
18620.0,-0.150972,-0.150086,7.981064,0.0,0.0,0.0
18640.0,-0.009901,-0.171124,8.670509,0.0,0.0,0.0
18660.0,0.055497,-0.056835,9.539793,0.0,0.0,0.0
18680.0,0.205198,0.05813,10.373562,0.0,0.0,0.0
18700.0,0.250457,0.243017,11.15029,0.0,0.0,0.0
18720.0,0.293807,0.125565,11.810835,0.0,0.0,0.0
18740.0,0.268827,0.055962,12.145457,0.0,0.0,0.0
18760.0,0.239804,-0.089414,12.112953,0.0,0.0,0.0
18780.0,0.191172,-0.147376,11.862548,0.0,0.0,0.0
18800.0,0.01126,-0.172141,11.240994,0.0,0.0,0.0
18820.0,-0.078752,-0.092176,10.399436,0.0,0.0,0.0
18840.0,-0.080039,0.115106,9.447598,0.0,0.0,0.0
18860.0,-0.138785,0.130078,8.684765,0.0,0.0,0.0
18880.0,-0.241912,0.15375,7.974683,0.0,0.0,0.0
18900.0,-0.290703,0.132256,7.532188,0.0,0.0,0.0
18920.0,-0.215828,-0.021425,7.40551,0.0,0.0,0.0
18940.0,-0.153905,-0.127625,7.660679,0.0,0.0,0.0
18960.0,-0.123092,-0.228205,8.143867,0.0,0.0,0.0
18980.0,-0.015103,-0.103916,8.957311,0.0,0.0,0.0
19000.0,0.106723,0.050082,9.854546,0.0,0.0,0.0
19020.0,0.210446,0.102667,10.745287,0.0,0.0,0.0
19040.0,0.261207,0.196037,11.437677,0.0,0.0,0.0
19060.0,0.256629,0.096536,12.000385,0.0,0.0,0.0
19080.0,0.244365,0.131148,12.163902,0.0,0.0,0.0
19100.0,0.173617,-0.095,12.142712,0.0,0.0,0.0
19120.0,0.135163,-0.168571,11.591358,0.0,0.0,0.0
19140.0,0.0058,-0.199688,10.896532,0.0,0.0,0.0
19160.0,-0.073927,-0.126247,10.061173,0.0,0.0,0.0
19180.0,-0.1934,0.063402,9.223669,0.0,0.0,0.0
19200.0,-0.235957,0.213886,8.422299,0.0,0.0,0.0
19220.0,-0.244137,0.17366,7.790884,0.0,0.0,0.0
19240.0,-0.263679,0.075638,7.435259,0.0,0.0,0.0
19260.0,-0.251187,-0.099294,7.463917,0.0,0.0,0.0
19280.0,-0.167167,-0.196938,7.757084,0.0,0.0,0.0
19300.0,-0.10755,-0.148343,8.398717,0.0,0.0,0.0
19320.0,0.012462,-0.064198,9.190179,0.0,0.0,0.0
19340.0,0.095287,0.083491,10.088651,0.0,0.0,0.0
19360.0,0.211761,0.163552,11.002849,0.0,0.0,0.0
19380.0,0.276581,0.14663,11.674917,0.0,0.0,0.0
19400.0,0.269965,0.178932,12.089146,0.0,0.0,0.0
19420.0,0.179474,-0.011556,12.269975,0.0,0.0,0.0
19440.0,0.247424,-0.083855,11.942543,0.0,0.0,0.0
19460.0,0.131756,-0.216891,11.457413,0.0,0.0,0.0
19480.0,-0.051179,-0.153989,10.66648,0.0,0.0,0.0
19500.0,-0.080703,0.028025,9.816339,0.0,0.0,0.0
19520.0,-0.249192,0.120526,8.897037,0.0,0.0,0.0
19540.0,-0.232904,0.232858,8.20071,0.0,0.0,0.0
19560.0,-0.314204,0.052055,7.573221,0.0,0.0,0.0
19580.0,-0.222027,0.01002,7.38511,0.0,0.0,0.0
19600.0,-0.160132,-0.068574,7.52497,0.0,0.0,0.0
19620.0,-0.143171,-0.193223,7.965369,0.0,0.0,0.0
19640.0,0.026489,-0.147325,8.675852,0.0,0.0,0.0
19660.0,0.118946,-0.088687,9.53227,0.0,0.0,0.0
19680.0,0.164288,0.004433,10.32902,0.0,0.0,0.0
19700.0,0.211018,0.201196,11.221318,0.0,0.0,0.0
19720.0,0.290518,0.24201,11.788619,0.0,0.0,0.0
19740.0,0.280622,0.081335,12.13837,0.0,0.0,0.0
19760.0,0.240543,-0.126678,12.213486,0.0,0.0,0.0
19780.0,0.14002,-0.102628,11.8319,0.0,0.0,0.0
19800.0,0.101168,-0.184468,11.216259,0.0,0.0,0.0
19820.0,-0.063101,-0.088327,10.414636,0.0,0.0,0.0
19840.0,-0.171964,0.043372,9.484497,0.0,0.0,0.0
19860.0,-0.145584,0.15897,8.704524,0.0,0.0,0.0
19880.0,-0.282726,0.197674,7.91117,0.0,0.0,0.0
19900.0,-0.302587,0.120223,7.579624,0.0,0.0,0.0
19920.0,-0.249931,0.024366,7.433811,0.0,0.0,0.0
19940.0,-0.135308,-0.150005,7.718723,0.0,0.0,0.0
19960.0,-0.11682,-0.218447,8.121385,0.0,0.0,0.0
19980.0,0.088212,-0.102752,8.911457,0.0,0.0,0.0
20000.0,0.155868,0.024069,9.875464,0.0,0.0,0.0
20020.0,0.147753,0.122145,10.673961,0.0,0.0,0.0
20040.0,0.194264,0.228733,11.440099,0.0,0.0,0.0
20060.0,0.313659,0.230531,11.965871,0.0,0.0,0.0
20080.0,0.257044,0.028217,12.236468,0.0,0.0,0.0
20100.0,0.197791,-0.134938,12.126187,0.0,0.0,0.0
20120.0,0.146154,-0.260165,11.612993,0.0,0.0,0.0
20140.0,0.082056,-0.148043,10.936182,0.0,0.0,0.0
20160.0,-0.083986,-0.047285,10.1332,0.0,0.0,0.0
20180.0,-0.222137,0.063063,9.219348,0.0,0.0,0.0
20200.0,-0.250147,0.202618,8.352933,0.0,0.0,0.0
20220.0,-0.271566,0.211932,7.797302,0.0,0.0,0.0
20240.0,-0.276713,0.067324,7.419941,0.0,0.0,0.0
20260.0,-0.242072,-0.02659,7.444995,0.0,0.0,0.0
20280.0,-0.19502,-0.190955,7.787293,0.0,0.0,0.0
20300.0,-0.078259,-0.165617,8.414265,0.0,0.0,0.0
20320.0,0.073775,-0.042672,9.244649,0.0,0.0,0.0
20340.0,0.111816,0.016125,10.104798,0.0,0.0,0.0
20360.0,0.210281,0.12227,10.9474,0.0,0.0,0.0
20380.0,0.259271,0.165084,11.644829,0.0,0.0,0.0
20400.0,0.328185,0.119828,12.175699,0.0,0.0,0.0
20420.0,0.263668,-0.034216,12.202059,0.0,0.0,0.0
20440.0,0.201244,-0.132705,12.05092,0.0,0.0,0.0
20460.0,0.070245,-0.161555,11.456834,0.0,0.0,0.0
20480.0,-0.061614,-0.104459,10.734516,0.0,0.0,0.0
20500.0,-0.142154,-0.000313,9.746263,0.0,0.0,0.0
20520.0,-0.245986,0.168114,8.906826,0.0,0.0,0.0
20540.0,-0.302151,0.199652,8.145453,0.0,0.0,0.0
20560.0,-0.30425,0.173815,7.594404,0.0,0.0,0.0
20580.0,-0.303472,0.029457,7.445315,0.0,0.0,0.0
20600.0,-0.17429,-0.136132,7.556923,0.0,0.0,0.0
20620.0,-0.160347,-0.124682,7.917736,0.0,0.0,0.0
20640.0,0.016984,-0.185088,8.720905,0.0,0.0,0.0
20660.0,0.098718,-0.083309,9.487572,0.0,0.0,0.0
20680.0,0.201939,0.129339,10.401031,0.0,0.0,0.0
20700.0,0.248215,0.209145,11.221948,0.0,0.0,0.0
20720.0,0.238793,0.145273,11.841266,0.0,0.0,0.0
20740.0,0.324124,0.127239,12.191423,0.0,0.0,0.0
20760.0,0.249607,-0.044471,12.140803,0.0,0.0,0.0
20780.0,0.158514,-0.202571,11.789331,0.0,0.0,0.0
20800.0,0.07686,-0.17611,11.241402,0.0,0.0,0.0
20820.0,-0.023546,-0.084004,10.422987,0.0,0.0,0.0
20840.0,-0.146009,0.0622,9.480435,0.0,0.0,0.0
20860.0,-0.213133,0.185506,8.627002,0.0,0.0,0.0
20880.0,-0.274065,0.166773,7.93899,0.0,0.0,0.0
20900.0,-0.326312,0.157157,7.561413,0.0,0.0,0.0
20920.0,-0.23889,0.044963,7.404762,0.0,0.0,0.0
20940.0,-0.086156,-0.155902,7.643997,0.0,0.0,0.0
20960.0,-0.113753,-0.17859,8.192983,0.0,0.0,0.0
20980.0,0.002639,-0.069248,8.931521,0.0,0.0,0.0
21000.0,0.121619,-0.031815,9.821297,0.0,0.0,0.0
21020.0,0.197237,0.110145,10.662972,0.0,0.0,0.0
21040.0,0.356854,0.182399,11.398569,0.0,0.0,0.0
21060.0,0.263334,0.146134,11.997368,0.0,0.0,0.0
21080.0,0.291202,0.047745,12.179344,0.0,0.0,0.0
21100.0,0.229541,-0.143517,12.067498,0.0,0.0,0.0
21120.0,0.100782,-0.230193,11.693129,0.0,0.0,0.0
21140.0,0.053614,-0.127928,10.964235,0.0,0.0,0.0
21160.0,-0.050833,-0.109394,10.137658,0.0,0.0,0.0
21180.0,-0.168399,0.114446,9.223095,0.0,0.0,0.0
21200.0,-0.281199,0.130171,8.371043,0.0,0.0,0.0
21220.0,-0.264293,0.19788,7.732385,0.0,0.0,0.0
21240.0,-0.315921,0.045367,7.436655,0.0,0.0,0.0
21260.0,-0.287223,-0.120452,7.420396,0.0,0.0,0.0
21280.0,-0.160858,-0.215048,7.77621,0.0,0.0,0.0
21300.0,-0.028137,-0.228165,8.38874,0.0,0.0,0.0
21320.0,0.078527,-0.107136,9.189716,0.0,0.0,0.0
21340.0,0.185237,0.037031,10.146107,0.0,0.0,0.0
21360.0,0.241086,0.150111,10.979648,0.0,0.0,0.0
21380.0,0.287095,0.22433,11.63669,0.0,0.0,0.0
21400.0,0.288382,0.110702,12.113831,0.0,0.0,0.0
21420.0,0.221819,0.01153,12.218236,0.0,0.0,0.0
21440.0,0.146175,-0.105649,12.056428,0.0,0.0,0.0
21460.0,0.134895,-0.141677,11.452551,0.0,0.0,0.0
21480.0,-0.064779,-0.195977,10.699077,0.0,0.0,0.0
21500.0,-0.132872,-0.03201,9.804454,0.0,0.0,0.0
21520.0,-0.180382,0.080587,8.90744,0.0,0.0,0.0
21540.0,-0.210497,0.153986,8.194179,0.0,0.0,0.0
21560.0,-0.304737,0.167041,7.673472,0.0,0.0,0.0
21580.0,-0.245839,0.055885,7.37108,0.0,0.0,0.0
21600.0,-0.178647,-0.142699,7.533198,0.0,0.0,0.0
21620.0,-0.123863,-0.17162,7.969212,0.0,0.0,0.0
21640.0,-0.059046,-0.209356,8.680973,0.0,0.0,0.0
21660.0,0.084526,-0.00752,9.504285,0.0,0.0,0.0
21680.0,0.125417,0.126311,10.390543,0.0,0.0,0.0
21700.0,0.258623,0.159942,11.274885,0.0,0.0,0.0
21720.0,0.253386,0.161917,11.836798,0.0,0.0,0.0
21740.0,0.243356,0.082248,12.220556,0.0,0.0,0.0
21760.0,0.222386,-0.05685,12.067909,0.0,0.0,0.0
21780.0,0.162514,-0.184683,11.80439,0.0,0.0,0.0
21800.0,0.103037,-0.194021,11.211123,0.0,0.0,0.0
21820.0,-0.055862,-0.159585,10.363886,0.0,0.0,0.0
21840.0,-0.110876,-0.0261,9.479029,0.0,0.0,0.0
21860.0,-0.240063,0.223138,8.677342,0.0,0.0,0.0
21880.0,-0.29538,0.234257,7.9315,0.0,0.0,0.0
21900.0,-0.251621,0.065294,7.561678,0.0,0.0,0.0
21920.0,-0.271915,-0.060062,7.403786,0.0,0.0,0.0
21940.0,-0.18256,-0.165255,7.654453,0.0,0.0,0.0
21960.0,-0.120236,-0.169908,8.179215,0.0,0.0,0.0
21980.0,0.004494,-0.146881,8.928455,0.0,0.0,0.0
22000.0,0.131411,0.072163,9.83953,0.0,0.0,0.0
22020.0,0.236087,0.239531,10.708207,0.0,0.0,0.0
22040.0,0.280305,0.216262,11.414249,0.0,0.0,0.0
22060.0,0.272235,0.130223,12.000901,0.0,0.0,0.0
22080.0,0.265688,0.028902,12.239975,0.0,0.0,0.0
22100.0,0.247836,-0.118515,12.065736,0.0,0.0,0.0
22120.0,0.172637,-0.161513,11.599663,0.0,0.0,0.0
22140.0,0.018552,-0.156318,10.990118,0.0,0.0,0.0
22160.0,-0.046168,-0.037812,10.127933,0.0,0.0,0.0
22180.0,-0.172353,0.068912,9.20065,0.0,0.0,0.0
22200.0,-0.245988,0.181389,8.32997,0.0,0.0,0.0
22220.0,-0.297977,0.175694,7.770415,0.0,0.0,0.0
22240.0,-0.290221,0.08776,7.411397,0.0,0.0,0.0
22260.0,-0.296533,-0.082866,7.475905,0.0,0.0,0.0
22280.0,-0.104812,-0.146352,7.728874,0.0,0.0,0.0
22300.0,-0.073319,-0.173621,8.402181,0.0,0.0,0.0
22320.0,0.061536,-0.124593,9.212067,0.0,0.0,0.0
22340.0,0.159226,0.076647,10.07925,0.0,0.0,0.0
22360.0,0.213992,0.067477,10.941108,0.0,0.0,0.0
22380.0,0.257525,0.152914,11.661678,0.0,0.0,0.0
22400.0,0.284981,0.033782,12.096728,0.0,0.0,0.0
22420.0,0.225209,-0.007065,12.157049,0.0,0.0,0.0
22440.0,0.193317,-0.157849,11.988843,0.0,0.0,0.0
22460.0,0.104196,-0.200552,11.395794,0.0,0.0,0.0
22480.0,-0.058328,-0.151869,10.689859,0.0,0.0,0.0
22500.0,-0.133441,0.021882,9.796877,0.0,0.0,0.0
22520.0,-0.235703,0.1217,8.931056,0.0,0.0,0.0
22540.0,-0.251971,0.257364,8.140325,0.0,0.0,0.0
22560.0,-0.290343,0.162853,7.634245,0.0,0.0,0.0
22580.0,-0.289306,-0.03016,7.393507,0.0,0.0,0.0
22600.0,-0.255205,-0.173286,7.496266,0.0,0.0,0.0
22620.0,-0.16955,-0.168167,7.978456,0.0,0.0,0.0
22640.0,-0.061148,-0.171219,8.585403,0.0,0.0,0.0
22660.0,0.06072,-0.033784,9.534723,0.0,0.0,0.0
22680.0,0.149641,0.129312,10.350457,0.0,0.0,0.0
22700.0,0.202985,0.207441,11.275824,0.0,0.0,0.0
22720.0,0.301336,0.172315,11.756206,0.0,0.0,0.0
22740.0,0.210797,0.075209,12.151607,0.0,0.0,0.0
22760.0,0.200847,-0.068386,12.168169,0.0,0.0,0.0
22780.0,0.196931,-0.168946,11.876031,0.0,0.0,0.0
22800.0,0.065466,-0.18664,11.254586,0.0,0.0,0.0
22820.0,-0.076906,0.006009,10.41664,0.0,0.0,0.0
22840.0,-0.131186,0.066127,9.57155,0.0,0.0,0.0
22860.0,-0.198335,0.105934,8.699563,0.0,0.0,0.0
22880.0,-0.287811,0.19235,7.912644,0.0,0.0,0.0
22900.0,-0.268522,0.090057,7.52762,0.0,0.0,0.0
22920.0,-0.267643,0.043311,7.480765,0.0,0.0,0.0
22940.0,-0.190639,-0.145699,7.621995,0.0,0.0,0.0
22960.0,-0.061121,-0.203133,8.14899,0.0,0.0,0.0
22980.0,0.040877,-0.150274,8.92183,0.0,0.0,0.0
